name,kind,method_classes
BetaDistribution,none,
BinomialDistribution,none,
BirnbaumSaundersDistribution,none,
BurrDistribution,none,
ExhaustiveSearcher,none,
ExponentialDistribution,none,
ExtremeValueDistribution,none,
GammaDistribution,none,
GeneralizedExtremeValueDistribution,none,
GeneralizedParetoDistribution,none,
HalfNormalDistribution,none,
InverseGaussianDistribution,none,
KDTreeSearcher,mfile,KDTreeSearcher
KernelDistribution,none,
LogisticDistribution,none,
LoglogisticDistribution,none,
LognormalDistribution,none,
LoguniformDistribution,none,
MException,other,
MultinomialDistribution,none,
NaT,mfile,
NakagamiDistribution,none,
NegativeBinomialDistribution,none,
NormalDistribution,none,
PiecewiseLinearDistribution,none,
PoissonDistribution,none,
RayleighDistribution,none,
RicianDistribution,none,
StableDistribution,none,
TriangularDistribution,none,
UniformDistribution,none,
VideoWriter,mfile,
WeibullDistribution,none,
abcd2s,mfile,
abs,builtin,cgslparser;char;codistributed;dlarray;double;duration;gpuArray;int16;int32;int64;int8;logical;single;sym;tabular;uint16;uint32;uint64;uint8
ac2poly,mfile,
ac2rc,mfile,
accumarray,builtin,double;gpuArray;int16;int32;int64;int8;logical;single;uint16;uint32;uint64;uint8
acos,builtin,codistributed;dlarray;double;gpuArray;half;single;sym;tabular
acosd,builtin,codistributed;double;gpuArray;single;sym;tabular
acosh,builtin,codistributed;dlarray;double;gpuArray;half;single;sym;tabular
acot,builtin,codistributed;dlarray;double;gpuArray;single;sym;tabular
acotd,builtin,codistributed;double;gpuArray;single;sym;tabular
acoth,builtin,codistributed;double;gpuArray;single;sym;tabular
acsc,builtin,codistributed;dlarray;double;gpuArray;single;sym;tabular
acscd,builtin,codistributed;double;gpuArray;single;sym;tabular
acsch,builtin,codistributed;double;gpuArray;single;sym;tabular
activecontour,mfile,
adapthisteq,mfile,
adaptthresh,mfile,
addCause,other,
addToolbarExplorationButtons,mfile,
addedvarplot,none,
addpath,mfile,
addpoints,mfile,
addtodate,mfile,
adtest,none,
affine2d,mfile,
affineOutputView,mfile,
airy,builtin,double;single;sym
alignsignals,mfile,
alim,mfile,
all,builtin,codistributed;dlarray;double;gpuArray;half;int16;int32;int64;int8;logical;single;tall;uint16;uint32;uint64;uint8
alpha,mfile,
alphamap,mfile,
amd,builtin,double;logical;single
ancestor,builtin,
and,builtin,char;codistributed;conbase;conboolean;conrange;conswitch;dlarray;double;gpuArray;half;int16;int32;int64;int8;logical;mtree;single;tabular;uint16;uint32;uint64;uint8
andrewsplot,none,
angle,mfile,codistributed;dlarray;gpuArray;sym
animatedline,builtin,
annotation,mfile,
anova1,none,
anova2,none,
anovan,none,
ansaribradley,none,
any,builtin,codistributed;dlarray;double;gpuArray;half;int16;int32;int64;int8;logical;single;tall;uint16;uint32;uint64;uint8
anymissing,mfile,codistributed;gpuArray;tall
append,mfile,InputOutputModel;cgoppoint;designdev;double;esbacktest;sweepset;timeseries;varbacktest;xreglistctrl
applylut,mfile,gpuArray
arburg,mfile,
arcov,mfile,
area,mfile,alphaShape;polyshape
argnames,mfile,fittype;inline
armcov,mfile,
array2table,mfile,tall
arrayfun,builtin,codistributed;gpuArray;tall
aryule,mfile,
asec,builtin,codistributed;dlarray;double;gpuArray;single;sym;tabular
asecd,builtin,codistributed;double;gpuArray;single;sym;tabular
asech,builtin,codistributed;double;gpuArray;single;sym;tabular
asin,builtin,codistributed;dlarray;double;gpuArray;half;single;sym;tabular
asind,builtin,codistributed;double;gpuArray;single;sym;tabular
asinh,builtin,codistributed;dlarray;double;gpuArray;half;single;sym;tabular
assert,builtin,cgslparser;gpuArray
assignin,builtin,
atan,builtin,codistributed;dlarray;double;gpuArray;half;single;sym;tabular
atan2,builtin,codistributed;dlarray;double;gpuArray;half;single;sym;tabular
atan2d,builtin,codistributed;double;gpuArray;single;sym;tabular
atand,builtin,codistributed;double;gpuArray;single;sym;tabular
atanh,builtin,codistributed;dlarray;double;gpuArray;half;single;sym;tabular
audioread,mfile,
axes,builtin,
axis,mfile,vrjoystick
axtoolbar,mfile,
axtoolbarbtn,mfile,
balance,builtin,double;single
bandpass,mfile,
bandpower,mfile,
bandstop,mfile,
bandwidth,builtin,DynamicSystem;codistributed;gpuArray
bar,mfile,half
bar3,mfile,
bar3h,mfile,
barh,mfile,half
barthannwin,mfile,
bartlett,mfile,
barttest,none,
base2dec,mfile,
bbdesign,none,
beep,builtin,
besselap,mfile,
besself,mfile,
besselh,builtin,codistributed;double;single;sym
besseli,builtin,codistributed;double;gpuArray;single;sym
besselj,builtin,codistributed;double;gpuArray;single;sym
besselk,builtin,codistributed;double;gpuArray;single;sym
bessely,builtin,codistributed;double;gpuArray;single;sym
bestblk,mfile,
beta,mfile,codistributed;gpuArray;sym
betacdf,none,
betafit,none,
betainc,builtin,codistributed;double;gpuArray;single;tall
betaincinv,builtin,codistributed;double;gpuArray;single;tall
betainv,none,
betalike,none,
betaln,mfile,codistributed;gpuArray
betapdf,none,
betarnd,none,
betastat,none,
between,mfile,codistributed;datetime;tall
bfscore,mfile,
bicg,mfile,codistributed;gpuArray
bicgstab,mfile,codistributed;gpuArray
bicgstabl,mfile,codistributed;gpuArray
bilinear,mfile,
bin2dec,builtin,
binocdf,none,
binofit,mfile,
binoinv,none,
binopdf,none,
binornd,none,
binostat,none,
binscatter,mfile,
biplot,none,
bitand,builtin,codistributed;double;gpuArray;int16;int32;int64;int8;logical;single;uint16;uint32;uint64;uint8
bitcmp,builtin,double;gpuArray;int16;int32;int64;int8;logical;single;uint16;uint32;uint64;uint8
bitget,builtin,double;gpuArray;int16;int32;int64;int8;logical;single;uint16;uint32;uint64;uint8
bitor,builtin,codistributed;double;gpuArray;int16;int32;int64;int8;logical;single;uint16;uint32;uint64;uint8
bitrevorder,mfile,gpuArray
bitset,builtin,double;gpuArray;int16;int32;int64;int8;logical;single;uint16;uint32;uint64;uint8
bitshift,builtin,double;gpuArray;int16;int32;int64;int8;logical;single;uint16;uint32;uint64;uint8
bitxor,builtin,codistributed;double;gpuArray;int16;int32;int64;int8;logical;single;uint16;uint32;uint64;uint8
blackman,mfile,
blackmanharris,mfile,
blanks,mfile,
blkdiag,mfile,InputOutputModel;distributed;symfun
blockproc,mfile,
bohmanwin,mfile,
bootci,none,
bootstrp,none,
boundary,mfile,polyshape
boundarymask,mfile,
bounds,mfile,distributed;tall
box,mfile,
boxcar,mfile,
boxchart,mfile,
boxplot,none,
brighten,mfile,
bsxfun,builtin,char;codistributed;double;gpuArray;int16;int32;int64;int8;logical;single;tall;uint16;uint32;uint64;uint8
bubblechart,mfile,
bubblechart3,mfile,
bubblelegend,mfile,
bubblelim,mfile,
bubblesize,mfile,
buffer,other,gpuArray
buttap,mfile,
butter,mfile,
buttord,mfile,
bvp4c,mfile,
bvp5c,mfile,
bvpget,mfile,
bvpinit,mfile,
bvpset,mfile,
bvpxtend,mfile,
bwarea,mfile,
bwareafilt,mfile,
bwareaopen,mfile,
bwboundaries,mfile,
bwconncomp,mfile,
bwconvhull,mfile,
bwdist,mfile,gpuArray
bwdistgeodesic,mfile,
bweuler,mfile,
bwferet,mfile,
bwhitmiss,mfile,
bwlabel,mfile,gpuArray
bwlabeln,mfile,
bwlookup,mfile,gpuArray
bwmorph,mfile,gpuArray
bwmorph3,mfile,
bwperim,mfile,
bwpropfilt,mfile,
bwselect,mfile,
bwselect3,mfile,
bwskel,mfile,
bwtraceboundary,mfile,
bwulterode,mfile,
caldays,mfile,codistributed;tall
caldiff,mfile,datetime;tall
calendar,mfile,
calendarDuration,mfile,calendarDuration;codistributed;tall
calmonths,mfile,codistributed;tall
calquarters,mfile,codistributed;tall
calweeks,mfile,codistributed;tall
calyears,mfile,codistributed;tall
camdolly,mfile,
camlight,mfile,
camlookat,mfile,
camorbit,mfile,
campan,mfile,
campos,mfile,
camproj,mfile,
camroll,mfile,
camtarget,mfile,
camup,mfile,
camva,mfile,
camzoom,mfile,
canoncorr,none,
capability,none,
capaplot,none,
cart2pol,mfile,distributed
cart2sph,mfile,distributed
cascadesparams,mfile,sparameters
caseread,none,
casewrite,none,
cast,builtin,codistributed;dlarray;gpuArray;half;tall
cat,builtin,InputOutputModel;calendarDuration;categorical;codistributed;coninputfactor;dataset;dlarray;fittype;gpuArray;half;inline;network;string;sym;symfun;tabular;tall;tokenizedDocument
categorical,mfile,categorical;codistributed;dlarray;tall
caxis,mfile,
ccdesign,none,
cceps,mfile,
cconv,mfile,gpuArray
cd,builtin,
cdf,none,
cdf2rdf,mfile,gpuArray;symfun
cdfplot,none,
ceil,builtin,char;codistributed;dlarray;double;duration;gpuArray;int16;int32;int64;int8;logical;single;sym;tabular;tall;uint16;uint32;uint64;uint8
cell,builtin,codistributed;codistributor1d;codistributor2dbc;distributed;half;sweepset
cell2mat,mfile,codistributed;tall
cell2sos,mfile,
cell2struct,builtin,codistributed
cellfun,builtin,codistributed;tall
cellstr,mfile,categorical;codistributed;dataset;tall
cgs,mfile,codistributed;gpuArray
char,builtin,categorical;cgconconstraint;cgconstraint;cgexpr;cgexprconstraint;cgfeature;cgfuncmodel;cgoppoint;cgoptimitem;cgpointconstraint;cgpointobjective;cgprec;cgprecfloat;cgpreclookupfix;cgprecpolyfix;cgrangeconstraint;cgsumconstraint;cgsumobjective;cgtabgradconstraint;codistributed;coninputfactor;des_constraints;fittype;inline;junit;localavfit;localbspline;localmulti;localpoly;localpspline;localsurface;localtruncps;localusermod;mbcinputfactor;opaque;string;sweepset;sweepsetfilter;sym;tall;xreg3xspline;xregclickinput;xregclicktolinput;xregcovariance;xregcubic;xregdesign;xreggpr;xreghybridrbf;xreginterprbf;xreglistctrl;xregmodel;xregmodswitch;xregmulti;xregnnet;xregrangeinput;xregrbf;xregtwostage;xregunispline;xregusermod;xregvectorinput
cheb1ap,mfile,
cheb1ord,mfile,
cheb2ap,mfile,
cheb2ord,mfile,
chebwin,mfile,
cheby1,mfile,
cheby2,mfile,
checkerboard,mfile,
chi2cdf,none,
chi2gof,none,
chi2inv,none,
chi2pdf,none,
chi2rnd,none,
chi2stat,none,
chirp,mfile,
chol,builtin,codistributed;double;gpuArray;half;single;sym
cholcov,none,
cholupdate,builtin,double;single
chromadapt,mfile,
circshift,mfile,codistributed;gpuArray;half;symfun
cla,mfile,
clabel,mfile,
class,builtin,Bluetooth;LegacyIcdevice;gpib;i2c;icgroup;scribehandle;serial;tcpip;udp;visa
clc,builtin,
clear,builtin,cgexprgroup;cgoptimexprgroup;cgrules;mbcstore;xregdesign;xregtable
clearpoints,mfile,
clearvars,mfile,
clf,mfile,
clim,mfile,
clip,mfile,
clock,builtin,
close,mfile,LegacyIcdevice;UpgradeAdvisor;bloomberg;blp;cgproject;fred;haver;instrument;mdevproject;moneynet;moneynetws;roadrunner;serial;tlkrs;vrfigure;vrjoystick;vrspacemouse;vrworld
closereq,mfile,
cluster,mfile,phytree
clusterdata,none,
cmap2gray,mfile,
cmdscale,none,
cmpermute,mfile,
cmunique,mfile,
cohere,mfile,
col2im,mfile,
colfilt,mfile,
colnames,none,
colon,builtin,char;codistributor1d;codistributor2dbc;datetime;distributed;dlarray;double;duration;gpuArray;half;int16;int32;int64;int8;single;sym;uint16;uint32;uint64;uint8
colorangle,mfile,
colorbar,mfile,
colorcube,mfile,
colordef,mfile,
colororder,mfile,
colperm,mfile,
column,none,
combnk,none,
comet,mfile,
comet3,mfile,
compan,mfile,distributed;symfun
compass,mfile,
complex,builtin,codistributed;dlarray;double;gpuArray;int16;int32;int64;int8;logical;single;uint16;uint32;uint64;uint8
compose,mfile,codistributed;dlarray;sym;tall
computer,builtin,
concat,mfile,sweepset
cond,mfile,codistributed;gpuArray;sym;xreginterprbf
condeig,mfile,
condest,mfile,codistributed;gpuArray;symfun;xreginterprbf
coneplot,mfile,
confusionmat,mfile,
conj,builtin,char;codistributed;dlarray;double;gpuArray;int16;int32;int64;int8;logical;single;sym;uint16;uint32;uint64;uint8
conndef,mfile,
containers,none,
contains,builtin,SimData;codistributed;string;tall;tokenizedDocument
contour,mfile,propagationData;sweepset;xregmodel
contour3,mfile,
contourc,builtin,
contourf,mfile,
contourslice,mfile,
contrast,mfile,
conv,mfile,codistributed;gpuArray;half;tall
conv2,builtin,codistributed;double;gpuArray;half;int16;int32;int64;int8;logical;single;tall;uint16;uint32;uint64;uint8
convertCharsToStrings,builtin,tall
convertContainedStringsToChars,builtin,
convertStringsToChars,builtin,string
convhull,builtin,polyshape
convhulln,mfile,
convmtx,mfile,
convmtx2,mfile,
convn,mfile,codistributed;gpuArray;tall
cophenet,none,
copulacdf,none,
copulafit,none,
copulaparam,none,
copulapdf,none,
copularnd,none,
copulastat,none,
copyfile,builtin,
copygraphics,mfile,
copyobj,builtin,arrowline;axestext;axisobj;mbcrichtext;mvgraph1d;mvgraph2d;mvgraph3d;mvgraph4d;scribehandle;scribehgobj;term_selector;xregaxesinput;xregborderlayout;xregcardlayout;xregcontainer;xregcurtainfxlayout;xregflowlayout;xreggridlayout;xreglegend;xreglistctrl;xregmultigraph2d;xregslidefxlayout;xregsnapsplitlayout;xregsplitlayout;xregtable
corr,mfile,ssm
corr2,mfile,gpuArray
corrcoef,mfile,codistributed;gpuArray;tall
corrcov,none,
corrmtx,mfile,
cos,builtin,codistributed;dlarray;double;gpuArray;half;single;sym;tabular
cosd,builtin,codistributed;double;gpuArray;single;sym;tabular
cosh,builtin,codistributed;dlarray;double;gpuArray;half;single;sym;tabular
cot,mfile,codistributed;dlarray;gpuArray;sym;tabular
cotd,mfile,codistributed;gpuArray;sym;tabular
coth,mfile,codistributed;gpuArray;sym;tabular
count,builtin,codistributed;designdev;mtree;string;tall
cov,mfile,codistributed;gpuArray;localsurface;symfun;tall;xregcovariance;xreglinear;xregmodel;xregmultilin;xregtwostage
coxphfit,none,
cplxpair,mfile,
cpsd,mfile,gpuArray
cputime,builtin,
createns,none,
cross,mfile,distributed
crosstab,none,
csc,mfile,codistributed;dlarray;gpuArray;sym;tabular
cscd,mfile,codistributed;gpuArray;sym;tabular
csch,mfile,codistributed;gpuArray;sym;tabular
csd,mfile,
csvwrite,mfile,
ctranspose,builtin,categorical;cell;char;codistributed;dlarray;double;gpuArray;half;icgroup;imaqchild;imaqdevice;instrument;int16;int32;int64;int8;laurmat;logical;opaque;quaternion;se2;se3;serial;single;so2;so3;string;struct;sym;tokenizedDocument;uint16;uint32;uint64;uint8
cummax,builtin,codistributed;double;gpuArray;int16;int32;int64;int8;logical;single;tabular;tall;uint16;uint32;uint64;uint8
cummin,builtin,codistributed;double;gpuArray;int16;int32;int64;int8;logical;single;tabular;tall;uint16;uint32;uint64;uint8
cumprod,builtin,codistributed;double;gpuArray;int16;int32;int64;int8;logical;single;sym;tabular;tall;uint16;uint32;uint64;uint8
cumsum,builtin,codistributed;double;gpuArray;half;int16;int32;int64;int8;logical;single;sym;tabular;tall;uint16;uint32;uint64;uint8
cumtrapz,mfile,distributed
curl,mfile,sym
cusum,mfile,
cylinder,mfile,
czt,mfile,gpuArray
daspect,mfile,
dataTipInteraction,mfile,
datacursormode,mfile,
datasample,none,
datawrap,mfile,
date,mfile,
datenum,mfile,codistributed;distributed;tall
dateshift,mfile,codistributed;datetime;tall
datestr,mfile,tall
datetime,mfile,codistributed;datetime;tall
datevec,mfile,codistributed;distributed;tall
day,mfile,codistributed;tall
days,mfile,codistributed;tall
db,mfile,
db2mag,mfile,
db2pow,mfile,
dblquad,mfile,
dbscan,none,
dct,mfile,
dct2,mfile,
dctmtx,mfile,
dde23,mfile,
ddeget,mfile,
ddensd,mfile,
ddesd,mfile,
ddeset,mfile,
deal,mfile,
deblank,builtin,codistributed;tall
dec2base,mfile,
dec2bin,builtin,sym
dec2hex,builtin,sym
decic,mfile,sym
decimate,mfile,
decomposition,mfile,codistributed;distributed
deconv,mfile,codistributed;gpuArray
deconvblind,mfile,
deconvlucy,mfile,
deconvreg,mfile,
deconvwnr,mfile,
decorrstretch,mfile,
deg2rad,mfile,codistributed;gpuArray;sym
del2,mfile,cglookupnd;cglookuptwo;cgnormfunction;codistributed;gpuArray
delaunay,builtin,
delaunayn,mfile,
delete,builtin,COM;arrowline;axestext;cgprojconnections;cgproject;des_constraints;editrect;hgbin;imaqchild;imaqdevice;instrument;listitemselector;mbcrichtext;mctree;mvgraph1d;mvgraph2d;mvgraph3d;mvgraph4d;scribehandle;scribehgobj;seltext;serial;texlistbox;vrnode;vrworld;xregaxesinput;xregbdrydev;xregclickinput;xregclicktolinput;xregcolorbar;xregcontainer;xregdesign;xreglegend;xreglistctrl;xregmultigraph2d;xregrangeinput;xregtable;xregvectorinput
deltaE,mfile,
demod,mfile,
demosaic,mfile,
dendrogram,none,
designfilt,mfile,
det,builtin,double;gpuArray;laurmat;single;sym
detrend,mfile,gpuArray;iddata;timeseries
deval,mfile,
dftmtx,mfile,
diag,builtin,char;codistributed;double;gpuArray;int16;int32;int64;int8;logical;single;sym;uint16;uint32;uint64;uint8;umat
diary,builtin,
dice,mfile,
dictionary,other,
diffuse,mfile,
digitalFilter,mfile,
digitrevorder,mfile,gpuArray
dir,builtin,
diric,mfile,
disableDefaultInteractivity,mfile,
discretize,mfile,datetime;duration;gpuArray;tall
disp,builtin,bfloat16;categorical;cdfepoch;cfit;cgexpr;cgexprmodel;cgoppoint;cgprec;cgsubexpr;codistributed;dataset;dictionary;distributed;dtree;fittype;gpuArray;half;icgroup;idnlfun;imaqchild;imaqdevice;inline;instrument;iviconfigurationstore;laurmat;laurpoly;mtree;network;ntree;opaque;pattern;quaternion;realp;serial;sfit;statespace;string;sweepset;sweepsetfilter;sym;tabular;tall;timer;varyingGoal;vrfigure;vrnode;vrworld;wdectree;wptree;xregmodel;xregmodswitch;xregstatsmodel
display,builtin,AnalysisPoint;SimData;SimTimeseries;bfloat16;cdfepoch;cell;cgfuncmodel;char;codistributed;conbase;coninputfactor;customreg;cvdata;cvtest;dictionary;distributed;double;frd;function_handle;genfrd;genmat;genss;gpuArray;groupedData;half;icgroup;icsignal;imaqchild;imaqdevice;inline;instrument;int16;int32;int64;int8;iviconfigurationstore;laurmat;laurpoly;logical;loopswitch;lpvss;ltvss;mbcinputfactor;mechss;mpc;mpcstate;network;opaque;phytree;pid;pidstd;pidstd2;serial;single;slLinearizer;slTuner;sparss;ss;struct;sym;symfunmatrix;symmatrix;tabular;tall;tf;timeseries;tscollection;tunableGain;tunablePID;tunablePID2;tunableSS;tunableSurface;tunableTF;ucomplex;ucomplexm;udyn;ufrd;uint16;uint32;uint64;uint8;ultidyn;umargin;umat;ureal;uss;vrfigure;vrnode;vrworld;wtbo;zpk
dissect,builtin,
dither,mfile,
divergence,mfile,sym
dlmwrite,mfile,
dmperm,builtin,double;logical;single
dot,mfile,codistributed;gpuArray;tall
double,builtin,StaticModel;categorical;char;codistributed;dataset;dlarray;double;gpuArray;int16;int32;int64;int8;localavfit;localbspline;localmulti;localpspline;localsurface;localtruncps;localusermod;logical;opaque;quaternion;single;string;sweepset;sweepsetfilter;uint16;uint32;uint64;uint8;xregcovariance;xreggpr;xreglinear;xregmodel;xregmultilin;xregnnet;xregtwostage;xregunispline;xregusermod
downsample,mfile,gpuArray
dpss,mfile,
drawnow,builtin,
dsearchn,mfile,
dtw,mfile,
dummyvar,none,
duration,mfile,codistributed;duration;tall
dutycycle,mfile,
dwtest,none,
ecdf,none,
ecdfhist,none,
echo,builtin,
edge,mfile,gpuArray
edge3,mfile,
edgetaper,mfile,
edr,mfile,
eig,builtin,DynamicSystem;codistributed;double;gpuArray;single;sym
eigs,mfile,codistributed
ellip,mfile,
ellipap,mfile,
ellipj,mfile,sym
ellipke,mfile,sym
ellipord,mfile,
ellipsoid,mfile,
enableDefaultInteractivity,mfile,
enableLegacyExplorationModes,mfile,
enbw,mfile,
endsWith,builtin,codistributed;string;tall
entries,other,
entropy,mfile,
entropyfilt,mfile,
envelope,mfile,
envspectrum,mfile,
eomday,mfile,
eps,builtin,codistributed;dlarray;double;gpuArray;half;single;tall
eq,builtin,categorical;cglookuptwo;char;codistributed;dlarray;double;gpuArray;icgroup;icsignal;imaqchild;imaqdevice;instrument;int16;int32;int64;int8;iviconfigurationstore;laurmat;laurpoly;logical;mtree;opaque;scribehandle;serial;single;string;sweepset;tabular;timer;timeseries;uint16;uint32;uint64;uint8;vrfigure;vrnode;vrworld;xregcovariance
eqtflength,mfile,
erase,mfile,codistributed;tall
eraseBetween,mfile,codistributed;tall
erf,builtin,codistributed;dlarray;double;gpuArray;single;sym
erfc,builtin,codistributed;double;gpuArray;single;sym
erfcinv,builtin,codistributed;double;gpuArray;single;sym
erfcx,builtin,codistributed;double;gpuArray;single
erfinv,builtin,codistributed;double;gpuArray;single;sym
error,builtin,
errorbar,mfile,
etime,mfile,
etree,builtin,
etreeplot,mfile,
eval,builtin,cgexpr;cgfuncmodel;localavfit;localbspline;localpoly;localpspline;localsurface;localtruncps;localusermod;opaque;sym;xreg3xspline;xregcovariance;xregcubic;xreggpr;xreghybridrbf;xreglinear;xregmodel;xregmulti;xregnnet;xregnullmodel;xregrbf;xregtransient;xregtwostage;xregunispline;xregusermod
evalc,builtin,opaque
evalin,builtin,
evcdf,none,
evfit,none,
evinv,none,
evlike,none,
evpdf,none,
evrnd,none,
evstat,none,
exceltime,mfile,codistributed;tall
exist,builtin,Composite;fittype;inline
exit,builtin,
exp,builtin,bfloat16;codistributed;dlarray;double;gpuArray;single;sym;tabular;tf;xregcovariance;zpk
expcdf,none,
expfit,none,
expint,mfile,codistributed;gpuArray;sym
expinv,none,
explike,none,
expm,mfile,gpuArray;sym
expm1,builtin,codistributed;double;gpuArray;half;single;tabular
exportapp,mfile,
exportfigure,none,
exportgraphics,mfile,
exportsetupdlg,mfile,
exppdf,none,
exprnd,none,
expstat,none,
extract,mfile,codistributed;cvdata;tall
extractAfter,mfile,codistributed;tall
extractBefore,mfile,codistributed;tall
extractBetween,mfile,codistributed;tall
eye,builtin,codistributed;codistributor1d;codistributor2dbc;distributed;gpuArray;half
ezcontour,mfile,sym
ezcontourf,mfile,sym
ezmesh,mfile,sym
ezmeshc,mfile,sym
ezplot,mfile,sym
ezplot3,mfile,sym
ezpolar,mfile,sym
ezsurf,mfile,sym
ezsurfc,mfile,sym
factor,mfile,sym
factorial,mfile,codistributed;gpuArray;sym
falltime,mfile,eyeDiagramSI
false,builtin,codistributed;codistributor1d;codistributor2dbc;distributed;gpuArray
fan2para,mfile,
fanbeam,mfile,
fcdf,none,
fclose,builtin,icinterface;serial
fcnchk,mfile,
fcontour,mfile,
feather,mfile,
feof,builtin,
ferror,builtin,
feval,builtin,cfit;fittype;inline;sfit;symfun
ff2n,none,
fft,builtin,codistributed;dlarray;double;gpuArray;half;iddata;int16;int32;int64;int8;logical;single;uint16;uint32;uint64;uint8
fft2,mfile,codistributed;gpuArray;half
fftfilt,mfile,gpuArray
fftn,builtin,codistributed;double;gpuArray;half;int16;int32;int64;int8;logical;single;uint16;uint32;uint64;uint8
fftshift,mfile,codistributed
fftw,builtin,
fgetl,mfile,icinterface;serial;udp
fgets,builtin,icinterface;serial;udp
fibermetric,mfile,
fieldnames,builtin,LegacyIcdevice;codistributed;icgroup;iconnect;idnlmodel;imaqchild;imaqdevice;instrument;iviconfigurationstore;serial;timer;tscollection
figure,builtin,
fileattrib,builtin,
filemarker,builtin,
fileparts,mfile,
filesep,builtin,
fill,builtin,cgnormnode;cgoptimdatasetfiller;cgoptimtablefiller
fill3,builtin,
fillgaps,mfile,
fillmissing,mfile,codistributed;creditscorecard;gpuArray;tall
filloutliers,mfile,tall
filter,builtin,LagOp;arima;bnlssm;codistributed;dlarray;double;dssm;egarch;garch;gjr;gpuArray;int16;int32;int64;int8;logical;msVAR;regARIMA;single;ssm;statespace;sweepset;sweepsetfilter;tall;timeseries;uint16;uint32;uint64;uint8;varm;vecm
filter2,mfile,gpuArray
filternorm,mfile,
filtfilt,mfile,
filtic,mfile,
filtord,mfile,
filtstates,none,
fimplicit,mfile,
fimplicit3,mfile,
find,builtin,cgddnode;cgprojconnections;char;codistributed;coninputfactor;double;gpuArray;int16;int32;int64;int8;logical;single;sweepset;sweepsetfilter;tall;uint16;uint32;uint64;uint8
findall,mfile,
findchangepts,mfile,
finddelay,mfile,
findgroups,mfile,tall
findobj,builtin,
findpeaks,mfile,gpuArray
findsignal,mfile,
findstr,builtin,opaque
finv,mfile,
fir1,mfile,
fir2,mfile,
fircls,mfile,
fircls1,mfile,
firgauss,mfile,
firls,mfile,
firpm,mfile,
firpmord,mfile,
firrcos,mfile,
firtype,mfile,
fishertest,none,
fitdist,none,
fitgeotrans,mfile,
fix,builtin,char;codistributed;dlarray;double;gpuArray;int16;int32;int64;int8;logical;single;sym;tabular;uint16;uint32;uint64;uint8
flattopwin,mfile,
flintmax,builtin,half
flip,mfile,distributed;gpuArray;tall
flipdim,mfile,gpuArray;tall
fliplr,mfile,distributed;gpuArray;tall
flipud,mfile,distributed;gpuArray;tall
floor,builtin,char;codistributed;dlarray;double;duration;gpuArray;int16;int32;int64;int8;logical;single;sym;tabular;tall;uint16;uint32;uint64;uint8
fmesh,mfile,
fminbnd,mfile,
fminsearch,mfile,codistributed
fopen,builtin,i2c;icinterface;serial
format,builtin,
formula,mfile,fittype;inline
fpdf,none,
fplot,mfile,
fplot3,mfile,
fprintf,builtin,dlarray;gpuArray;icinterface;serial
fracfact,none,
fracfactgen,none,
frame2im,builtin,
framesig,mfile,
fread,builtin,i2c;icinterface;serial;udp
freqs,mfile,
freqspace,mfile,gpuArray
freqz,mfile,
freqz2,mfile,
frewind,mfile,
friedman,none,
frnd,none,
fsamp2,mfile,
fscanf,builtin,icinterface;serial;udp
fseek,builtin,
fspecial,mfile,
fspecial3,mfile,
fsst,mfile,gpuArray
fstat,none,
fsurf,mfile,
ftell,builtin,
ftrans2,mfile,
full,builtin,DynamicSystem;codistributed;double;gpuArray;half;int16;int32;int64;int8;logical;single;uint16;uint32;uint64;uint8
fullfact,none,
fullfile,mfile,
func2str,builtin,function_handle
functions,builtin,function_handle
funm,mfile,sym
fwht,mfile,
fwind1,mfile,
fwind2,mfile,
fwrite,builtin,i2c;icinterface;serial
fzero,mfile,
gabor,mfile,
gagerr,none,
gallery,mfile,
gamcdf,none,
gamfit,none,
gaminv,none,
gamlike,none,
gamma,builtin,codistributed;double;gpuArray;single;sym
gammain,mfile,sparameters
gammainc,builtin,codistributed;double;gpuArray;single;tall
gammaincinv,builtin,codistributed;double;gpuArray;single;tall
gammaln,builtin,codistributed;double;gpuArray;single;sym
gammaout,mfile,sparameters
gampdf,none,
gamrnd,none,
gamstat,none,
gauspuls,mfile,
gaussdesign,mfile,
gaussfir,mfile,
gausswin,mfile,
gca,builtin,
gcbf,mfile,
gcbo,builtin,
gcd,mfile,sym
gcf,builtin,
gco,builtin,
ge,builtin,categorical;char;codistributed;dlarray;double;gpuArray;int16;int32;int64;int8;logical;single;string;sweepset;tabular;uint16;uint32;uint64;uint8
genpath,mfile,
geocdf,none,
geoinv,none,
geomean,none,
geopdf,none,
geornd,none,
geostat,none,
get,builtin,BioMap;COM;InputOutputModel;LegacyIcdevice;RandStream;arrowline;axestext;axischild;axisobj;axistext;bloomberg;blp;cellline;celltext;cgclipexpr;cgconstant;cgconstvalue;cgdivexpr;cgfeature;cgfuncexpr;cgfuncmodel;cgifexpr;cglookupnd;cglookupone;cglookuptwo;cgminmaxexpr;cgmodexpr;cgmswitchexpr;cgnormaliser;cgnormfunction;cgnormnode;cgoppoint;cgoptim;cgoptimstore;cgprec;cgprecfix;cgprecfloat;cgpreclookupfix;cgprecpolyfix;cgrelexpr;cgrules;cgsubexpr;cgsymvalue;cgtablenode;cgtradeoff;cgvalue;cgvariable;cset_boxb;cset_ccd;cset_fullfact;cset_grdlatt;cset_grid;cset_haltonset;cset_lattice;cset_lhs;cset_pb;cset_pointset;cset_simplex;cset_sobolset;cset_stratlattice;cset_userdef;csetinterface;customreg;dataset;dtree;figobj;framerect;fred;gsref;haver;hgbin;icgroup;iddata;idnlfun;imaqchild;imaqdevice;instrument;iviconfigurationstore;laurpoly;listitemselector;localavfit;localbspline;localmod;localmulti;localpoly;localpspline;localsurface;localtruncps;localusermod;mbcrichtext;mpc;mpcmoveopt;mpcsimopt;mpcstate;mvgraph1d;mvgraph2d;mvgraph3d;mvgraph4d;ntree;phytree;scribehandle;scribehgobj;seltext;serial;sweepset;sweepsetfilter;testplansweepsetfilter;texlistbox;timeseries;tscollection;vrfigure;vrnode;vrworld;wdectree;wptree;wtbo;xreg3xspline;xregaxesinput;xregborderlayout;xregcardlayout;xregclickinput;xregclicktolinput;xregcolorbar;xregcontainer;xregcubic;xregcurtainfxlayout;xregexportmodel;xregflowlayout;xreggpr;xreggridlayout;xreghybridrbf;xreginterprbf;xreglayerlayout;xreglegend;xreglinear;xreglistctrl;xregmodel;xregmulti;xregmultigraph2d;xregnnet;xregoptmgr;xregrangeinput;xregrbf;xregslidefxlayout;xregsnapsplitlayout;xregsplitlayout;xregtable;xregtransient;xregtwostage;xregunispline;xregvectorinput
getappdata,builtin,
getenv,builtin,
getfield,mfile,vrnode
getframe,mfile,
getpoints,mfile,
gevcdf,none,
gevfit,none,
gevinv,none,
gevlike,none,
gevpdf,none,
gevrnd,none,
gevstat,none,
ginput,mfile,
glmfit,none,
glmval,none,
glyphplot,none,
gmonopuls,mfile,
gmres,mfile,codistributed;gpuArray
gobjects,mfile,
goertzel,mfile,gpuArray
gpcdf,none,
gpfit,none,
gpinv,none,
gplike,none,
gplot,mfile,
gplotmatrix,none,
gppdf,none,
gprnd,none,
gpstat,none,
gradient,mfile,cglookupnd;cglookuptwo;cgnormfunction;gpuArray;sym
gradientweight,mfile,
gray2ind,mfile,gpuArray
graycomatrix,mfile,
grayconnected,mfile,
graycoprops,mfile,
graydiffweight,mfile,
graydist,mfile,
grayslice,mfile,
graythresh,mfile,
grid,mfile,
griddata,mfile,
griddatan,mfile,
griddedInterpolant,other,codistributed;distributed;gpuArray;griddedInterpolant
groot,builtin,
groupcounts,mfile,tall
groupfilter,mfile,tall
groupsummary,mfile,tall
grouptransform,mfile,tall
grp2idx,none,
grpdelay,mfile,
grpstats,none,
gscatter,none,
gsvd,mfile,
gt,builtin,categorical;char;codistributed;dlarray;double;gpuArray;int16;int32;int64;int8;logical;single;string;sweepset;tabular;uint16;uint32;uint64;uint8
gtext,mfile,
hadamard,mfile,
hamming,mfile,
hampel,mfile,
hankel,mfile,distributed
hann,mfile,
hanning,mfile,
harmmean,none,
head,mfile,codistributed;distributed;gpuArray;tall
heatmap,mfile,tall
height,mfile,
help,mfile,
hess,builtin,double;single
hex2dec,builtin,
hex2num,mfile,
hgexport,mfile,
hggroup,builtin,
hgload,mfile,
hgsave,mfile,
hgtransform,builtin,
hidden,mfile,
highpass,mfile,
hilb,mfile,
hilbert,mfile,
hist3,none,
histc,builtin,codistributed;distributed;gpuArray
histcounts,mfile,categorical;datetime;duration;gpuArray;tall
histcounts2,mfile,
histeq,mfile,gpuArray
histfit,none,
histogram,mfile,tall
histogram2,mfile,tall
hmmdecode,none,
hmmestimate,none,
hmmgenerate,none,
hmmtrain,none,
hmmviterbi,none,
hms,mfile,codistributed;duration;tall
hold,mfile,
home,builtin,
horzcat,builtin,Bluetooth;LegacyIcdevice;RedefinesParen;Scalar;categorical;codistributed;coninputfactor;dataset;designdev;dlarray;fittype;gpib;gpuArray;half;i2c;icgroup;icsignal;iddata;inline;iviconfigurationstore;laurpoly;network;serial;string;sweepset;sym;tabular;tall;tcpip;tokenizedDocument;tscollection;udp;videoinput;visa;xregmonitorplotproperties
hougen,none,
hough,mfile,
houghlines,mfile,
houghpeaks,mfile,
hour,mfile,codistributed;tall
hours,mfile,codistributed;tall
hsv2rgb,mfile,distributed
hygecdf,none,
hygeinv,none,
hygepdf,none,
hygernd,none,
hygestat,none,
hypot,builtin,codistributed;double;gpuArray;single;sym
icceps,mfile,
icdf,none,
ichol,builtin,codistributed;double;single
idct,mfile,
idct2,mfile,
idivide,mfile,codistributed;distributed;gpuArray;tall
ifanbeam,mfile,
ifft,builtin,codistributed;dlarray;double;gpuArray;half;iddata;int16;int32;int64;int8;logical;single;uint16;uint32;uint64;uint8
ifft2,mfile,codistributed;gpuArray;half
ifftn,builtin,codistributed;double;gpuArray;half;int16;int32;int64;int8;logical;single;uint16;uint32;uint64;uint8
ifftshift,mfile,codistributed
ifsst,mfile,gpuArray
ifwht,mfile,
illumgray,mfile,
illumpca,mfile,
illumwhite,mfile,
ilu,builtin,codistributed;double;single
im2col,mfile,
im2double,mfile,codistributed;gpuArray;tall
im2frame,builtin,
im2gray,mfile,
im2int16,mfile,gpuArray
im2mat,none,
im2single,mfile,gpuArray
im2uint16,mfile,gpuArray
im2uint8,mfile,gpuArray
imabsdiff,mfile,gpuArray
imadd,mfile,
imadjust,mfile,gpuArray
imadjustn,mfile,gpuArray
imag,builtin,char;codistributed;dlarray;double;gpuArray;int16;int32;int64;int8;logical;single;sym;uint16;uint32;uint64;uint8
image,builtin,
imagesc,mfile,
imapplymatrix,mfile,
imapprox,mfile,
imbilatfilt,mfile,
imbinarize,mfile,
imbothat,mfile,gpuArray
imboxfilt,mfile,
imboxfilt3,mfile,
imcentroid,none,
imclearborder,mfile,
imclose,mfile,gpuArray
imcolordiff,mfile,
imcomplement,mfile,gpuArray
imcontour,mfile,
imcrop,mfile,gpuArray
imcrop3,mfile,
imdiffuseest,mfile,
imdiffusefilt,mfile,
imdilate,mfile,gpuArray
imdivide,mfile,
imerode,mfile,gpuArray
imextendedmax,mfile,
imextendedmin,mfile,
imfill,mfile,gpuArray
imfilter,mfile,gpuArray
imfindcircles,mfile,
imfinfo,mfile,
imflatfield,mfile,
imfuse,mfile,
imgaborfilt,mfile,
imgaussfilt,mfile,gpuArray
imgaussfilt3,mfile,gpuArray
imgradient,mfile,gpuArray
imgradient3,mfile,
imgradientxy,mfile,gpuArray
imgradientxyz,mfile,
imguidedfilter,mfile,
imhist,mfile,gpuArray
imhistmatch,mfile,
imhistmatchn,mfile,
imhmax,mfile,
imhmin,mfile,
imimposemin,mfile,
imlincomb,mfile,gpuArray
imlocalbrighten,mfile,
immse,mfile,
immultiply,mfile,
imnlmfilt,mfile,
imnoise,mfile,gpuArray
imopen,mfile,gpuArray
imoverlay,mfile,
impinvar,mfile,
impixel,mfile,
improfile,mfile,
impyramid,mfile,
impz,mfile,
impzlength,mfile,
imquantize,mfile,
imread,mfile,
imreconstruct,mfile,gpuArray
imreducehaze,mfile,
imref2d,mfile,
imregcorr,mfile,
imregionalmax,mfile,gpuArray
imregionalmin,mfile,gpuArray
imresize,mfile,gpuArray
imresize3,mfile,
imrotate,mfile,gpuArray
imrotate3,mfile,
imsegfmm,mfile,
imsegkmeans,mfile,
imsegkmeans3,mfile,
imsharpen,mfile,
imshow,mfile,
imshowpair,mfile,
imsplit,mfile,
imsubtract,mfile,
imtile,mfile,
imtophat,mfile,gpuArray
imtranslate,mfile,
imwarp,mfile,gpuArray
imwrite,mfile,gpuArray
inconsistent,none,
ind2gray,mfile,
ind2rgb,mfile,codistributed;gpuArray
ind2sub,mfile,distributed;gpuArray;tall
indexof,none,
info,mfile,cgrules;des_respsurf;haver;haverview;mbcreference;system;xregdesign;xregmodel
inline,mfile,inline;laurpoly
inlineeval,mfile,
inpolygon,mfile,codistributed;gpuArray
input,builtin,
inputname,builtin,
insert,other,
insertAfter,mfile,codistributed;tall
insertBefore,mfile,codistributed;tall
int2str,mfile,dlarray;gpuArray
integral,mfile,gpuArray
integral2,mfile,
integral3,mfile,
integralBoxFilter,mfile,
integralBoxFilter3,mfile,
integralImage,mfile,
integralImage3,mfile,
interactionplot,none,
interp,mfile,DynamicSystem
interp1,mfile,codistributed;datetime;dlarray;duration;gpuArray
interp1q,mfile,
interp2,mfile,codistributed;gpuArray
interp3,mfile,codistributed;gpuArray
interpft,mfile,
interpn,mfile,codistributed;gpuArray
interpstreamspeed,mfile,
intersect,mfile,categorical;cell;codistributed;dataset;datetime;duration;fegeometry;gpuArray;polyshape;tabular;tall
intfilt,mfile,
intlut,mfile,gpuArray
intmax,builtin,
intmin,builtin,
inv,builtin,InputOutputModel;codistributed;double;gpuArray;single;sym
invfreqs,mfile,
invfreqz,mfile,
invhilb,mfile,
invpred,none,
ipermute,mfile,codistributed;gpuArray;tall
iptcheckconn,mfile,
iptgetpref,mfile,
iptsetpref,mfile,
iqr,mfile,distributed;timeseries
iradon,mfile,gpuArray
is2rc,mfile,
isConfigured,other,
isIllConditioned,none,
isKey,other,
isStringScalar,mfile,
isa,builtin,LegacyIcdevice;bfloat16;half;icgroup;icinterface;instrument;scribehandle;serial
isallpass,mfile,
isappdata,builtin,
isbanded,builtin,codistributed;gpuArray
isbetween,mfile,codistributed;datetime;duration;tall
iscalendarduration,mfile,codistributed;distributed
iscell,builtin,codistributed;distributed
iscellstr,builtin,codistributed;string
ischange,mfile,
ischar,builtin,codistributed;distributed
iscola,mfile,
iscolumn,builtin,categorical;cell;char;dictionary;distributed;double;int16;int32;int64;int8;logical;single;string;struct;tall;uint16;uint32;uint64;uint8
isdatetime,mfile,codistributed;distributed
isdiag,builtin,codistributed;double;gpuArray;logical;single
isdouble,none,
isdst,mfile,codistributed;tall
isduration,mfile,codistributed;distributed
isempty,builtin,Composite;RedefinesParen;Scalar;categorical;cgexpr;cgfeature;cgfuncexpr;cglookupnd;cglookuptwo;cgmodexpr;cgmswitchexpr;cgnormaliser;cgnormfunction;cgoppoint;cgoptcsol;cgrules;cgvariable;codistributed;dataset;des_constraints;dictionary;distributed;double;fittype;gpuArray;idarx;idnlgrey;int16;int32;int64;int8;junit;logical;mpc;mtree;single;string;sweepset;sweepsetfilter;tabular;tall;tscollection;uint16;uint32;uint64;uint8;xregcontainer;xregcovariance
isequal,builtin,categorical;char;codistributed;coninputfactor;dictionary;digraph;dlarray;double;gpuArray;graph;half;icgroup;imaqchild;imaqdevice;instrument;int16;int32;int64;int8;iviconfigurationstore;laurmat;laurpoly;logical;mbcinputfactor;serial;single;string;sweepset;sweepsetfilter;timer;uint16;uint32;uint64;uint8;xregcovariance
isequaln,builtin,categorical;char;codistributed;dictionary;digraph;dlarray;double;gpuArray;graph;half;int16;int32;int64;int8;logical;single;string;uint16;uint32;uint64;uint8;wtbo
isequalwithequalnans,mfile,codistributed;distributed;gpuArray;half;timeseries
isfield,builtin,fighandle;vrnode
isfile,builtin,
isfinite,builtin,calendarDuration;char;codistributed;datetime;dlarray;double;duration;gpuArray;int16;int32;int64;int8;logical;single;sweepset;sym;uint16;uint32;uint64;uint8
isfir,none,
isfloat,builtin,codistributed;distributed;dlarray;double;gpuArray;half;int16;int32;int64;int8;logical;single;uint16;uint32;uint64;uint8
isfolder,builtin,
isgraphics,builtin,
ishandle,builtin,
ishermitian,builtin,codistributed;gpuArray
ishghandle,builtin,
ishold,mfile,
isinf,builtin,calendarDuration;char;codistributed;datetime;dlarray;double;duration;gpuArray;int16;int32;int64;int8;logical;single;sym;uint16;uint32;uint64;uint8
isinteger,builtin,codistributed;distributed;double;gpuArray;half;int16;int32;int64;int8;logical;single;uint16;uint32;uint64;uint8
isletter,builtin,opaque
islinphase,mfile,
islocalmax,mfile,gpuArray;tall
islocalmin,mfile,gpuArray;tall
islogical,builtin,codistributed;distributed;dlarray;double;gpuArray;int16;int32;int64;int8;logical;single;uint16;uint32;uint64;uint8
ismac,builtin,
ismatrix,builtin,categorical;cell;char;dictionary;distributed;double;int16;int32;int64;int8;logical;single;string;struct;tall;uint16;uint32;uint64;uint8
ismaxphase,mfile,
ismember,mfile,categorical;cell;cgprojconnections;codistributed;dataset;datetime;duration;gpuArray;mtree;sym;tabular;tall
ismembertol,builtin,gpuArray
isminphase,mfile,
ismissing,mfile,codistributed;dataset;gpuArray;string;tall
isnan,builtin,calendarDuration;char;codistributed;dlarray;double;duration;gpuArray;idnlgrey;idnlmodel;int16;int32;int64;int8;logical;single;sym;uint16;uint32;uint64;uint8
isnat,mfile,codistributed;datetime;tall
isnumeric,builtin,codistributed;distributed;dlarray;double;gpuArray;int16;int32;int64;int8;logical;single;uint16;uint32;uint64;uint8
isobject,builtin,
isocaps,mfile,
isocolors,mfile,
isonormals,mfile,
isosurface,mfile,
isoutlier,mfile,gpuArray;tall
ispc,builtin,
isprime,mfile,sym
isreal,builtin,codistributed;distributed;dlarray;double;gpuArray;int16;int32;int64;int8;logical;single;uint16;uint32;uint64;uint8
isrow,builtin,categorical;cell;char;dictionary;distributed;double;int16;int32;int64;int8;logical;single;string;struct;tall;uint16;uint32;uint64;uint8
isscalar,builtin,Scalar;categorical;cell;cgsymvalue;cgvariable;char;dictionary;distributed;double;int16;int32;int64;int8;logical;single;string;struct;symfun;tall;uint16;uint32;uint64;uint8
issingle,none,
issorted,builtin,categorical;cell;char;codistributed;datetime;double;duration;gpuArray;half;int16;int32;int64;int8;logical;single;string;tall;timetable;uint16;uint32;uint64;uint8
issortedrows,builtin,categorical;char;codistributed;datetime;double;duration;int16;int32;int64;int8;logical;single;string;tabular;tall;timetable;uint16;uint32;uint64;uint8
isspace,builtin,opaque
issparse,builtin,codistributed;distributed;double;gpuArray;half;int16;int32;int64;int8;logical;single;uint16;uint32;uint64;uint8
isstable,mfile,DynamicSystem
isstr,builtin,
isstring,builtin,codistributed;distributed;mtree
isstrprop,builtin,
isstruct,builtin,
isstudent,builtin,
issymmetric,builtin,codistributed;gpuArray
istft,mfile,gpuArray;tall
istimetable,mfile,codistributed;distributed
istril,builtin,codistributed;double;gpuArray;logical;single
istriu,builtin,codistributed;double;gpuArray;logical;single
isuniform,mfile,codistributed;tall
isunix,builtin,
isvarname,builtin,
isvector,builtin,categorical;cell;char;dictionary;distributed;double;int16;int32;int64;int8;logical;single;string;struct;tall;uint16;uint32;uint64;uint8
iwishrnd,none,
jaccard,mfile,
jackknife,none,
jbtest,none,
johnsrnd,none,
join,mfile,codistributed;dataset;tabular;tall
jsondecode,builtin,
jsonencode,builtin,dictionary
juliandate,mfile,codistributed;tall
kaiser,mfile,
kaiserord,mfile,
keys,other,
kmeans,none,
kmedoids,none,
knnsearch,mfile,KDTreeSearcher;hnswSearcher
kron,mfile,codistributed;sym
kruskalwallis,none,
ksdensity,none,
kstest,none,
kstest2,none,
kurtogram,mfile,
kurtosis,none,
lab2double,mfile,
lab2rgb,mfile,
lab2uint16,mfile,
lab2uint8,mfile,
lab2xyz,mfile,
label2idx,mfile,
label2rgb,mfile,
labelmatrix,mfile,
labeloverlay,mfile,
lar2rc,mfile,
lasso,none,
lassoPlot,none,
lassoglm,none,
lasterr,builtin,
lasterror,builtin,
lastwarn,builtin,
latc2tf,mfile,
latcfilt,mfile,
lcm,mfile,sym
ldivide,builtin,char;codistributed;double;duration;gpuArray;int16;int32;int64;int8;logical;quaternion;single;tabular;tall;timeseries;uint16;uint32;uint64;uint8
ldl,builtin,double;single
le,builtin,categorical;char;codistributed;dlarray;double;gpuArray;int16;int32;int64;int8;logical;mtree;single;string;sweepset;tabular;uint16;uint32;uint64;uint8
legend,mfile,
legendre,mfile,gpuArray
length,builtin,Bluetooth;Composite;LegacyIcdevice;RedefinesParen;Scalar;categorical;cgrules;cgtradeoffkeytable;codistributed;coninputfactor;dataset;des_constraints;designdev;distributed;double;gpib;gpuArray;i2c;icgroup;icsignal;int16;int32;int64;int8;logical;mbcstore;serial;single;string;tall;tcpip;tscollection;udp;uint16;uint32;uint64;uint8;videoinput;visa;xregcontainer;xregcovariance;xregdataset;xregmonitorplotproperties;xregmulti
leverage,none,
levinson,mfile,gpuArray
lhsdesign,none,
lhsnorm,none,
license,builtin,
light,builtin,
lightangle,mfile,
lighting,mfile,
lillietest,none,
lin2rgb,mfile,
line,builtin,
linhyptest,none,
linkage,none,
linkaxes,mfile,
linkprop,mfile,
linsolve,builtin,char;codistributed;double;gpuArray;int16;int32;int64;int8;logical;single;sym;uint16;uint32;uint64;uint8
linspace,mfile,cgvalue;codistributed;codistributor1d;codistributor2dbc;datetime;distributed;duration;gpuArray;symfun
load,builtin,COM;UpgradeAdvisor;cgproject;mdevproject
loadfigure,mfile,
log,builtin,bfloat16;codistributed;dlarray;double;gpuArray;half;single;sym;tabular
log10,builtin,codistributed;dlarray;double;gpuArray;half;single;sym;tabular
log1p,builtin,codistributed;double;gpuArray;half;single;tabular
log2,builtin,codistributed;double;gpuArray;half;single;sym;tabular
logical,builtin,char;codistributed;dlarray;double;gpuArray;int16;int32;int64;int8;logical;single;uint16;uint32;uint64;uint8
loglog,builtin,frd
logm,mfile,sym
logncdf,none,
lognfit,none,
logninv,none,
lognlike,none,
lognpdf,none,
lognrnd,none,
lognstat,none,
logspace,mfile,codistributed;codistributor1d;codistributor2dbc;distributed;gpuArray;symfun
lookfor,mfile,
lookup,other,bloomberg;blp;cgslparser
lower,builtin,codistributed;string
lowpass,mfile,
lp2bp,mfile,
lp2bs,mfile,
lp2hp,mfile,
lp2lp,mfile,
lpc,mfile,
ls,mfile,
lscov,mfile,codistributed;gpuArray
lsf2poly,mfile,
lsline,none,
lsqminnorm,mfile,dlarray;gpuArray
lsqnonneg,mfile,
lsqr,mfile,codistributed;gpuArray
lt,builtin,categorical;char;codistributed;dlarray;double;gpuArray;int16;int32;int64;int8;logical;single;string;sweepset;tabular;uint16;uint32;uint64;uint8
lu,builtin,codistributed;double;gpuArray;half;single;sym
mad,none,
mag2db,mfile,
magic,mfile,
mahal,none,
maineffectsplot,none,
makedist,mfile,
makehgtform,mfile,
makelut,mfile,
makima,mfile,distributed
manova1,none,
manovacluster,none,
mape,mfile,codistributed;tall
marcumq,mfile,
mat2gray,mfile,gpuArray
mat2im,none,
mat2str,mfile,codistributed;dlarray;gpuArray
matches,builtin,codistributed;string;tall
matchpairs,mfile,
material,mfile,
matlabdrive,builtin,
matlabroot,builtin,
max,builtin,categorical;codistributed;datetime;dlarray;double;duration;gpuArray;half;int16;int32;int64;int8;localpoly;localpspline;logical;single;sym;tabular;tall;timeseries;uint16;uint32;uint64;uint8
maxNumCompThreads,builtin,
maxflat,mfile,
maxhessiannorm,mfile,
maxk,builtin,categorical;cell;char;codistributed;datetime;double;duration;gpuArray;int16;int32;int64;int8;logical;single;tall;uint16;uint32;uint64;uint8
mean,mfile,codistributed;datetime;dlarray;duration;gpuArray;half;sweepset;symfun;tabular;tall;timeseries
mean2,mfile,
meanfreq,mfile,
medfilt1,mfile,
medfilt2,mfile,gpuArray
medfilt3,mfile,
medfreq,mfile,
median,mfile,categorical;codistributed;datetime;dlarray;duration;gpuArray;tabular;tall;timeseries
membrane,mfile,
memory,builtin,
mesh,mfile,
meshc,mfile,
meshgrid,mfile,codistributed;gpuArray
meshz,mfile,
metaclass,builtin,
methods,builtin,LegacyIcdevice;icgroup;icinterface;imaqchild;imaqdevice;iviconfigurationstore;serial
mfilename,builtin,
mhsample,none,
microseconds,none,
microstrip,none,
microstripw,none,
midcross,mfile,
milliseconds,mfile,codistributed;tall
min,builtin,categorical;codistributed;datetime;dlarray;double;duration;gpuArray;half;int16;int32;int64;int8;localpoly;localpspline;logical;single;sym;tabular;tall;timeseries;uint16;uint32;uint64;uint8
mink,builtin,categorical;cell;char;codistributed;datetime;double;duration;gpuArray;int16;int32;int64;int8;logical;single;tall;uint16;uint32;uint64;uint8
minres,mfile,codistributed;gpuArray
minus,builtin,LagOp;calendarDuration;char;codistributed;cvdata;datetime;dlarray;double;duration;gpuArray;icsignal;int16;int32;int64;int8;laurmat;laurpoly;logical;mtree;single;sweepset;sym;tabular;tall;timeseries;uint16;uint32;uint64;uint8
minute,mfile,codistributed;tall
minutes,mfile,codistributed;tall
missing,mfile,
mkdir,builtin,
mkpp,mfile,
mldivide,builtin,DynamicSystem;LagOp;StaticModel;codistributed;distributed;double;duration;gpuArray;int16;int32;int64;int8;laurpoly;logical;single;tall;timeseries;uint16;uint32;uint64;uint8
mle,mfile,mdev_local;xregtwostage
mlecov,none,
mnpdf,none,
mnrfit,none,
mnrnd,none,
mnrval,none,
mod,builtin,char;codistributed;double;gpuArray;half;int16;int32;int64;int8;logical;single;sym;tabular;uint16;uint32;uint64;uint8
modalfit,mfile,
modalfrf,mfile,
modalsd,mfile,
mode,mfile,categorical;codistributed;datetime;duration;gpuArray;symfun;tabular;targetmapping;timeseries
modefilt,mfile,
modulate,mfile,laurpoly
moment,none,
montage,mfile,dlarray
month,mfile,codistributed;tall
more,builtin,
movefile,builtin,
movie,mfile,xregmodel
movmad,mfile,codistributed;gpuArray;tall
movmax,mfile,codistributed;gpuArray;tall
movmean,mfile,codistributed;gpuArray;tall
movmedian,mfile,codistributed;gpuArray;tall
movmin,mfile,codistributed;gpuArray;tall
movprod,mfile,codistributed;gpuArray;tall
movstd,mfile,codistributed;gpuArray;tall
movsum,mfile,codistributed;gpuArray;tall
movvar,mfile,codistributed;gpuArray;tall
mpower,mfile,InputOutputModel;codistributed;gpuArray;laurpoly
mrdivide,builtin,DynamicSystem;LagOp;StaticModel;codistributed;distributed;dlarray;double;duration;gpuArray;int16;int32;int64;int8;laurpoly;logical;single;tall;timeseries;uint16;uint32;uint64;uint8
mscohere,mfile,gpuArray
mtimes,builtin,InputOutputModel;LagOp;calendarDuration;char;codistributed;cvdata;dlarray;double;duration;gpuArray;icsignal;int16;int32;int64;int8;laurmat;laurpoly;localpoly;logical;single;tall;timeseries;uint16;uint32;uint64;uint8
multcompare,none,
multissim,mfile,dlarray
multissim3,mfile,dlarray
multithresh,mfile,
multivarichart,none,
mustBeA,builtin,half
mustBeFile,mfile,
mustBeFinite,mfile,
mustBeFloat,mfile,
mustBeFolder,mfile,
mustBeGreaterThan,mfile,
mustBeGreaterThanOrEqual,mfile,
mustBeInRange,mfile,
mustBeInteger,mfile,sym
mustBeLessThan,mfile,
mustBeLessThanOrEqual,mfile,
mustBeMember,mfile,
mustBeNegative,mfile,
mustBeNonNan,mfile,
mustBeNonempty,mfile,
mustBeNonnegative,mfile,
mustBeNonpositive,mfile,
mustBeNonsparse,mfile,
mustBeNonzero,mfile,
mustBeNumeric,mfile,
mustBeNumericOrLogical,mfile,
mustBePositive,mfile,sym
mustBeReal,mfile,
mustBeScalarOrEmpty,mfile,
mustBeText,mfile,
mustBeTextScalar,mfile,
mustBeValidVariableName,mfile,
mustBeVector,mfile,
mvksdensity,none,
mvncdf,none,
mvnpdf,none,
mvnrnd,none,
mvregress,none,
mvregresslike,none,
mvtcdf,none,
mvtpdf,none,
mvtrnd,none,
namelengthmax,builtin,
nancov,none,
nanmax,none,
nanmean,none,
nanmedian,none,
nanmin,none,
nanoseconds,none,
nanstd,none,
nansum,none,
nanvar,none,
nargchk,builtin,
nargin,builtin,fittype;function_handle;inline
narginchk,builtin,
nargout,builtin,fittype;function_handle;inline
nargoutchk,builtin,
native2unicode,builtin,
nbincdf,none,
nbinfit,none,
nbininv,none,
nbinpdf,none,
nbinrnd,none,
nbinstat,none,
ncfcdf,none,
ncfinv,none,
ncfpdf,none,
ncfrnd,none,
ncfstat,none,
nchoosek,mfile,sym
nctcdf,none,
nctinv,none,
nctpdf,none,
nctrnd,none,
nctstat,none,
ncx2cdf,none,
ncx2inv,none,
ncx2pdf,none,
ncx2rnd,none,
ncx2stat,none,
ndgrid,mfile,codistributed;gpuArray
ndims,builtin,Composite;RedefinesParen;Scalar;categorical;codistributed;dataset;distributed;dlarray;double;gpuArray;int16;int32;int64;int8;logical;single;string;sym;tabular;tall;uint16;uint32;uint64;uint8
ne,builtin,categorical;char;codistributed;dlarray;double;gpuArray;icgroup;imaqchild;imaqdevice;instrument;int16;int32;int64;int8;iviconfigurationstore;laurmat;laurpoly;logical;mtree;opaque;scribehandle;serial;single;string;sweepset;tabular;timer;uint16;uint32;uint64;uint8;vrfigure;vrnode;vrworld;xregcovariance
nearcorr,none,
negloglik,none,
newplot,mfile,
nextpow2,mfile,codistributed;gpuArray;tabular
nexttile,mfile,
nlfilter,mfile,
nlinfit,none,
nlparci,none,
nlpredci,none,
nnmf,none,
nnz,builtin,char;codistributed;double;gpuArray;int16;int32;int64;int8;logical;single;sym;symfun;tall;uint16;uint32;uint64;uint8
nonzeros,builtin,char;codistributed;double;gpuArray;int16;int32;int64;int8;logical;single;sym;symfun;uint16;uint32;uint64;uint8
norm,builtin,DynamicSystem;codistributed;double;gpuArray;int16;int32;int64;int8;logical;single;sym;tall;uint16;uint32;uint64;uint8
normalize,mfile,distributed;tall
normcdf,none,
normest,mfile,codistributed;gpuArray
normest1,mfile,
normfit,none,
norminv,none,
normlike,none,
normpdf,none,
normplot,mfile,xregmodel
normrnd,none,
normspec,none,
normstat,none,
normxcorr2,mfile,gpuArray
not,builtin,char;codistributed;conbase;conboolean;conellipsoid;conlinear;contable1;contable2;dlarray;double;gpuArray;half;int16;int32;int64;int8;logical;mtree;single;tabular;uint16;uint32;uint64;uint8
now,mfile,
nthroot,mfile,codistributed;gpuArray;sym;tabular
ntsc2rgb,mfile,
null,mfile,codistributed;gpuArray;mtree;sym
num,none,
num2cell,mfile,codistributed
num2hex,mfile,
num2ruler,mfile,
num2str,mfile,codistributed;dlarray;gpuArray
numEntries,other,
numel,builtin,Composite;RedefinesParen;Scalar;categorical;codistributed;dataset;distributed;double;gpuArray;int16;int32;int64;int8;logical;single;string;sym;symfun;tabular;tall;uint16;uint32;uint64;uint8
nuttallwin,mfile,
nzmax,builtin,char;codistributed;double;gpuArray;int16;int32;int64;int8;logical;single;uint16;uint32;uint64;uint8
obliqueslice,mfile,
obw,mfile,
ode113,mfile,
ode15i,mfile,
ode15s,mfile,
ode23,mfile,
ode23s,mfile,
ode23t,mfile,
ode23tb,mfile,
ode45,mfile,dlarray
ode78,mfile,
ode89,mfile,
odeget,mfile,
odephas2,mfile,
odephas3,mfile,
odeplot,mfile,
odeprint,mfile,
odeset,mfile,
odextend,mfile,
offsetstrel,mfile,
onehotdecode,mfile,dlarray
onehotencode,mfile,
ones,builtin,codistributed;codistributor1d;codistributor2dbc;distributed;gpuArray;half;quaternion;se2;se3;so2;so3
open,mfile,LegacyIcdevice;UpgradeAdvisor;function_handle;instrument;scribehandle;serial;vrworld
openfig,mfile,
opengl,builtin,
optimalleaforder,none,
optimget,mfile,
optimplotfunccount,mfile,
optimplotfval,mfile,
optimplotx,mfile,
optimset,mfile,cgoptimstore
or,builtin,char;codistributed;conbase;conboolean;conrange;dlarray;double;gpuArray;half;int16;int32;int64;int8;logical;mtree;single;string;tabular;uint16;uint32;uint64;uint8
ordeig,builtin,double;single
orderfields,mfile,
orderspectrum,mfile,
ordertrack,mfile,
orderwaveform,mfile,
ordfilt2,mfile,
ordqz,builtin,double;single
ordschur,builtin,double;single
orient,mfile,
orth,mfile,distributed;sym
otf2psf,mfile,
otsuthresh,mfile,
overshoot,mfile,
pack,none,
pad,mfile,codistributed;tall
padarray,mfile,gpuArray
pagesetupdlg,mfile,
pan,mfile,
panInteraction,mfile,
para2fan,mfile,
parallelcoords,none,
paramci,none,
pareto,mfile,
paretotails,none,
partialcorr,none,
partialcorri,none,
parzenwin,mfile,
pascal,mfile,
patch,builtin,
path,mfile,
pathsep,mfile,
pause,builtin,
pbaspect,mfile,
pburg,mfile,
pca,none,
pcacov,none,
pcares,none,
pcg,mfile,codistributed;gpuArray
pchip,mfile,distributed
pcolor,mfile,
pcov,mfile,
pdepe,mfile,
pdeval,mfile,
pdf,none,
pdist,mfile,phytree
pdist2,none,
peak2peak,mfile,tall
peak2rms,mfile,tall
peaks,mfile,
pearsrnd,none,
peig,mfile,
percentile,none,
perfcurve,mfile,
periodogram,mfile,gpuArray
perms,mfile,distributed;sym
permute,builtin,categorical;cell;char;codistributed;dlarray;double;gpuArray;half;int16;int32;int64;int8;logical;opaque;quaternion;se2;se3;single;so2;so3;string;struct;sym;tall;tokenizedDocument;uint16;uint32;uint64;uint8
phantom,mfile,
phasedelay,mfile,
phasez,mfile,
pie,mfile,tall
pie3,mfile,
pinv,mfile,dlarray;gpuArray;sym
planerot,mfile,codistributed;gpuArray;symfun
plomb,mfile,
plot,builtin,HeatMap;alphaShape;blm;cfit;cgdatasetnode;cgrules;clustergram;conjugateblm;customblm;diffuseblm;digraph;drivingScenario;dtree;empiricalblm;esbacktest;eyeContour;eyeDiagramSI;eyeMask;frd;graph;iddata;idnlarx;idnlhw;lassoblm;localavfit;localmod;localmulti;mixconjugateblm;mixsemiconjugateblm;mpc;ntree;phytree;polyshape;propagationData;semiconjugateblm;sfit;sweepset;tall;timeseries;umargin;varbacktest;wdectree;xregmodel;xregtransient;xregtwostage
plot3,builtin,
plotmatrix,mfile,
plotyy,mfile,
plsregress,none,
plus,builtin,InputOutputModel;LagOp;calendarDuration;char;codistributed;cvdata;datetime;dlarray;double;duration;emlhalf;gpuArray;icsignal;int16;int32;int64;int8;laurmat;laurpoly;logical;single;string;sym;tabular;tall;timeseries;uint16;uint32;uint64;uint8
pmcov,mfile,
pmem,mfile,
pmtm,mfile,
pmusic,mfile,
poisscdf,none,
poissfit,none,
poissinv,none,
poisspdf,none,
poissrnd,none,
poisstat,none,
pol2cart,mfile,distributed
polar,mfile,
polaraxes,builtin,
polarbubblechart,mfile,
polarhistogram,mfile,
polarplot,mfile,
polarscatter,mfile,
poly,mfile,gpuArray;sym
poly2ac,mfile,
poly2label,mfile,
poly2lsf,mfile,
poly2mask,mfile,
poly2rc,mfile,
polyarea,mfile,distributed
polyconf,none,
polyder,mfile,gpuArray
polyeig,mfile,
polyfit,mfile,codistributed;gpuArray;tall
polyint,mfile,distributed
polyscale,mfile,
polystab,mfile,
polyval,mfile,codistributed;gpuArray;tall
polyvalm,mfile,codistributed;gpuArray
posixtime,mfile,codistributed;tall
pow,none,
pow2,builtin,codistributed;double;gpuArray;half;single;tabular
pow2db,mfile,
power,builtin,char;codistributed;dlarray;double;gpuArray;half;int16;int32;int64;int8;logical;quaternion;single;tabular;uint16;uint32;uint64;uint8;xregcovariance
powerbw,mfile,
ppca,none,
ppval,mfile,
prctile,mfile,distributed;tall
primes,mfile,symfun
print,mfile,mdev_local;modeldev
printdlg,mfile,
printpreview,mfile,
probplot,none,
procrustes,none,
prod,builtin,codistributed;dlarray;double;gpuArray;half;int16;int32;int64;int8;laurmat;laurpoly;logical;single;sym;tabular;tall;uint16;uint32;uint64;uint8
proflik,none,
projective2d,mfile,
prony,mfile,
properties,builtin,codistributed;conbase;conconvexhull;conellipsoid;conrange;constar;conswitch;contwostage;tall;tscollection;xregbdrydev;xregbdrynode;xregbdryroot
psd,mfile,
psf2otf,mfile,
psi,builtin,codistributed;double;gpuArray;single;sym;tall
psnr,mfile,dlarray
pulseperiod,mfile,
pulsesep,mfile,
pulsewidth,mfile,
pulstran,mfile,
pwd,mfile,
pwelch,mfile,gpuArray;tall
pyulear,mfile,
qmr,mfile,codistributed;gpuArray
qqplot,none,
qr,builtin,codistributed;double;gpuArray;single;sym
qrdelete,mfile,xreglinear
qrinsert,mfile,
qrupdate,builtin,double;single
qtdecomp,mfile,
qtgetblk,mfile,
qtsetblk,mfile,
quad,mfile,
quad2d,mfile,sfit
quadgk,mfile,
quadl,mfile,
quadv,mfile,
quantile,mfile,esbacktestbysim
quarter,mfile,codistributed;tall
quit,builtin,
quiver,mfile,
quiver3,mfile,
qz,builtin,double;single
rad2deg,mfile,codistributed;gpuArray;sym
radon,mfile,gpuArray
rainflow,mfile,
rand,builtin,RandStream;codistributed;codistributor1d;codistributor2dbc;distributed;gpuArray
randg,builtin,
randi,builtin,RandStream;codistributed;codistributor1d;codistributor2dbc;distributed;gpuArray
randn,builtin,RandStream;codistributed;codistributor1d;codistributor2dbc;distributed;gpuArray
random,none,
randperm,builtin,RandStream;gpuArray
randsample,none,
range,mfile,sweepset;txsite;xregexportmodel;xregmodel
rangefilt,mfile,
rangesearch,mfile,KDTreeSearcher
rank,mfile,distributed;sym;xregdesign
ranksum,none,
rat,mfile,sym
rats,mfile,
raylcdf,none,
raylfit,none,
raylinv,none,
raylpdf,none,
raylrnd,none,
raylstat,none,
rc2ac,mfile,
rc2is,mfile,
rc2lar,mfile,
rc2poly,mfile,
rceps,mfile,
rcond,builtin,double;frd;single
rcoplot,none,
rcosdesign,mfile,
rdivide,builtin,char;codistributed;dlarray;double;duration;emlhalf;gpuArray;int16;int32;int64;int8;logical;quaternion;single;tabular;tall;timeseries;uint16;uint32;uint64;uint8
readcell,mfile,
readcsv,none,
readlines,mfile,
readmatrix,mfile,
readtable,mfile,
readtimetable,mfile,
readxlsx,none,
real,builtin,char;codistributed;dlarray;double;gpuArray;int16;int32;int64;int8;logical;single;sym;uint16;uint32;uint64;uint8
reallog,mfile,codistributed;dlarray;gpuArray;tabular
realmax,builtin,half
realmin,builtin,half
realpow,mfile,codistributed;dlarray;gpuArray;tabular
realsqrt,mfile,codistributed;dlarray;gpuArray;tabular
rectangle,builtin,
rectint,mfile,distributed
rectpuls,mfile,
rectwin,mfile,
recycle,builtin,
reducepatch,mfile,
reducepoly,mfile,
reducevolume,mfile,
refcurve,none,
refline,none,
refresh,mfile,slCustomizer
refreshdata,mfile,
regexp,builtin,
regexpi,builtin,
regexprep,builtin,tall
regexptranslate,builtin,
regionZoomInteraction,mfile,
regionfill,mfile,
regionprops,mfile,gpuArray
regionprops3,mfile,
regress,none,
regstats,none,
rehash,builtin,csetinterface
rem,builtin,char;codistributed;double;gpuArray;half;int16;int32;int64;int8;logical;single;sym;tabular;uint16;uint32;uint64;uint8
remez,mfile,
remezord,mfile,
remove,other,SimData;cgddnode;iviconfigurationstore;xregcardlayout;xregcontainer;xreglistctrl;xregmulti;xregtransient;xregusermod
removeToolbarExplorationButtons,mfile,
rendererinfo,mfile,
repelem,mfile,codistributed;gpuArray;symfun;tabular;tall
replace,mfile,cgddnode;codistributed;tall;xregcontainer
replaceBetween,mfile,codistributed;tall
repmat,mfile,InputOutputModel;codistributed;dlarray;gpuArray;half;symfun;tall
resample,mfile,SimData;gpuArray;iddata;timeseries;tscollection
rescale,mfile,distributed;dlarray;laurpoly;tall
reset,builtin,RandStream;audioDatastore;candidateset;cset_lhs;cset_pointset;des_constraints;satelliteScenario;signalDatastore;system;xreggpr;xreghybridrbf;xreginterprbf;xreglinear;xregmodel;xregmultilin;xregrbf;xregtwostage
reshape,builtin,InputOutputModel;RedefinesParen;Scalar;categorical;cell;char;codistributed;dlarray;double;gpuArray;half;int16;int32;int64;int8;logical;opaque;quaternion;se2;se3;single;so2;so3;string;struct;sym;tall;tokenizedDocument;uint16;uint32;uint64;uint8
residue,mfile,
residuez,mfile,
rethrow,builtin,
reverse,mfile,codistributed;tall
rffreq,none,
rfparam,mfile,
rfplot,mfile,sparameters
rgb2gray,mfile,codistributed;gpuArray
rgb2hsv,mfile,codistributed;gpuArray
rgb2ind,mfile,
rgb2lab,mfile,
rgb2lightness,mfile,
rgb2lin,mfile,
rgb2ntsc,mfile,
rgb2xyz,mfile,
rgb2ycbcr,mfile,gpuArray
rgbplot,mfile,
ribbon,mfile,
ridge,none,
rigid2d,mfile,
risetime,mfile,eyeDiagramSI
rlevinson,mfile,
rlim,mfile,
rmappdata,builtin,
rmdir,builtin,
rmfield,mfile,codistributed
rmmissing,mfile,codistributed;gpuArray;tall
rmoutliers,mfile,gpuArray;tall
rmpath,mfile,
rms,mfile,distributed;tall
rmse,mfile,codistributed;tall
rng,mfile,
robustcov,none,
robustfit,none,
roicolor,mfile,
roifilt2,mfile,
roipoly,mfile,
rooteig,mfile,
rootmusic,mfile,
roots,mfile,gpuArray;localpoly;sym
rose,mfile,
rosser,mfile,
rot90,mfile,distributed;gpuArray
rotate,mfile,polyshape;surfaceMesh
rotate3d,mfile,
rotateInteraction,mfile,
rotatefactors,none,
round,builtin,codistributed;dlarray;double;duration;gpuArray;int16;int32;int64;int8;logical;single;sym;tabular;tall;uint16;uint32;uint64;uint8
rowcount,none,
rpmfreqmap,mfile,
rpmordermap,mfile,
rref,mfile,sym
rsf2csf,mfile,
rssq,mfile,
rtickangle,mfile,
rtickformat,mfile,
rticklabels,mfile,
rticks,mfile,
ruler2num,mfile,
rulerPanInteraction,mfile,
run,mfile,ModelAdvisor;cgoptim;cgoptimnode;cgoptimrunner;xregoptmgr
runstest,none,
s2abcd,mfile,
s2y,mfile,
s2z,mfile,
sampsizepwr,none,
save,builtin,COM;cgproject;mdevproject;vrworld
saveas,mfile,
savefig,mfile,
savefigure,mfile,
sawtooth,mfile,
scaleFilterSections,mfile,
scatter,mfile,tall
scatter3,mfile,
scatteredInterpolant,other,scatteredInterpolant
scatterhist,none,
scatterhistogram,mfile,
schur,mfile,frd
schurrc,mfile,
sec,mfile,codistributed;dlarray;gpuArray;sym;tabular
secd,mfile,codistributed;gpuArray;sym;tabular
sech,mfile,codistributed;gpuArray;sym;tabular
second,mfile,codistributed;tall
seconds,mfile,codistributed;tall
semilogx,builtin,frd
semilogy,builtin,frd
seqperiod,other,
set,builtin,BioSeq;COM;DynamicSystem;InputOutputModel;LegacyIcdevice;RandStream;arrowline;axestext;axischild;axisobj;axistext;cellline;celltext;cgclipexpr;cgconstant;cgdivexpr;cgfeature;cgfuncexpr;cgifexpr;cglookupnd;cglookupone;cglookuptwo;cgminmaxexpr;cgmodexpr;cgmswitchexpr;cgnormaliser;cgnormfunction;cgnormnode;cgoppoint;cgoptim;cgprec;cgprecfix;cgprecfloat;cgpreclookupfix;cgprecpolyfix;cgrelexpr;cgrules;cgsubexpr;cgsymvalue;cgtablenode;cgvalue;cgvariable;cset_boxb;cset_ccd;cset_fullfact;cset_grdlatt;cset_grid;cset_haltonset;cset_lattice;cset_lhs;cset_pb;cset_pointset;cset_simplex;cset_sobolset;cset_stratlattice;cset_userdef;csetinterface;customreg;dataset;dtree;editline;editrect;figobj;framerect;gsref;icgroup;iddata;idnlfun;idnlmodel;imaqchild;imaqdevice;instrument;iviconfigurationstore;listitemselector;localavfit;localbspline;localmod;localmulti;localpoly;localpspline;localsurface;localtruncps;localusermod;mbcrichtext;mpc;mpcmoveopt;mpcsimopt;mpcstate;mvgraph1d;mvgraph2d;mvgraph3d;mvgraph4d;ntree;phytree;scribehandle;scribehgobj;seltext;serial;sweepset;sweepsetfilter;term_selector;testplansweepsetfilter;texlistbox;timeseries;tscollection;vrfigure;vrnode;vrworld;wptree;wtbo;xreg3xspline;xregaxesinput;xregborderlayout;xregcardlayout;xregclickinput;xregclicktolinput;xregcolorbar;xregcontainer;xregcubic;xregcurtainfxlayout;xregexportmodel;xregflowlayout;xreggpr;xreggridlayout;xreghybridrbf;xreginterprbf;xreglayerlayout;xreglegend;xreglinear;xreglistctrl;xregmodel;xregmulti;xregmultigraph2d;xregnnet;xregoptmgr;xregrangeinput;xregrbf;xregslidefxlayout;xregsnapsplitlayout;xregsplitlayout;xregtable;xregtransient;xregtwostage;xregunispline;xregvectorinput
setappdata,builtin,
setdiff,mfile,categorical;cell;codistributed;dataset;datetime;duration;gpuArray;symfun;tabular;tall
setenv,mfile,
setfield,mfile,vrnode
setstr,builtin,
settlingtime,mfile,
setxor,mfile,categorical;cell;codistributed;dataset;datetime;duration;gpuArray;symfun;tabular;tall
sfdr,mfile,
sgolay,mfile,
sgolayfilt,mfile,
sgtitle,mfile,
shading,mfile,
shg,mfile,
shiftdata,mfile,
shiftdim,mfile,codistributed;gpuArray
show,mfile,cgdatasetnode;cgddnode;cgfeaturenode;cgmodelnode;cgnode;cgnormnode;cgoptimnode;cgoptimoutnode;cgproject;cgtablenode;cgtradeoffnode;cgtradeofftblnode;mdev_local;mdevproject;mdevtestplan;modeldev;mtree;polymesh;satelliteScenario;scenenode;trackingArchitecture
shrinkfaces,mfile,
sign,builtin,cgslparser;char;codistributed;dlarray;double;gpuArray;half;int16;int32;int64;int8;logical;single;sym;uint16;uint32;uint64;uint8
signrank,none,
signtest,none,
silhouette,none,
sin,builtin,codistributed;dlarray;double;gpuArray;half;single;sym;tabular
sinad,mfile,
sinc,mfile,sym;tall
sind,builtin,codistributed;double;gpuArray;single;sym;tabular
single,builtin,categorical;char;codistributed;dataset;dlarray;double;gpuArray;int16;int32;int64;int8;logical;quaternion;single;uint16;uint32;uint64;uint8
sinh,builtin,codistributed;dlarray;double;gpuArray;half;single;sym;tabular
size,builtin,Bluetooth;Composite;InputOutputModel;LegacyIcdevice;RedefinesParen;Scalar;TriRep;candidateset;categorical;cgoppoint;codistributed;coninputfactor;dataset;designdev;distributed;dlarray;double;explicitMPC;gpib;gpuArray;half;i2c;icgroup;icsignal;iddata;int16;int32;int64;int8;localbspline;localmulti;localpspline;localsurface;localtruncps;localusermod;logical;mpc;serial;single;string;sweepset;sweepsetfilter;tabular;tall;tcpip;triangulation;tscollection;udp;uint16;uint32;uint64;uint8;videoinput;visa;xregdataset;xregdesign;xreglinear;xreglistctrl;xregmodel;xregmonitorplotproperties;xregmulti;xregmultilin;xregtable;xregtwostage;xregunispline;xregusermod
skewness,none,
slewrate,mfile,
slice,mfile,eyeDiagramSI
slicesample,none,
smithplot,mfile,
smooth3,mfile,
smoothdata,mfile,tall
snr,mfile,
sort,builtin,categorical;cell;cgprojconnections;char;codistributed;datetime;dlarray;double;duration;gpuArray;half;int16;int32;int64;int8;logical;opaque;single;string;sweepset;sym;tall;uint16;uint32;uint64;uint8
sortrows,mfile,categorical;codistributed;dataset;datetime;duration;gpuArray;tabular;tall;timetable
sos2cell,mfile,
sos2ctf,mfile,
sos2ss,mfile,
sos2tf,mfile,
sos2zp,mfile,
sosfilt,mfile,gpuArray
sound,mfile,
spalloc,mfile,codistributed;codistributor1d;codistributor2dbc;distributed
sparameters,mfile,sparameters
sparse,builtin,codistributed;codistributor1d;codistributor2dbc;gpuArray
spaugment,mfile,
spconvert,mfile,distributed
spdiags,mfile,codistributed;gpuArray
specgram,mfile,
spectralCrest,mfile,
spectralEntropy,mfile,
spectralFlatness,mfile,
spectralKurtosis,mfile,
spectralSkewness,mfile,
spectralcluster,none,
spectrogram,mfile,gpuArray;tall
spectrum,mfile,idlti
specular,mfile,
speye,builtin,codistributed;codistributor1d;codistributor2dbc;distributed;gpuArray
spfun,mfile,codistributed
sph2cart,mfile,distributed
sphere,mfile,
spline,mfile,gpuArray
split,mfile,calendarDuration;codistributed;dtree;tall;wdectree;wptree;xregfittree
splitapply,mfile,tall
splitlines,mfile,tall
spones,mfile,codistributed;gpuArray
sprand,mfile,codistributed;codistributor1d;codistributor2dbc;distributed;gpuArray
sprandn,mfile,codistributed;codistributor1d;codistributor2dbc;distributed;gpuArray
sprandsym,mfile,codistributed;distributed;gpuArray
sprank,mfile,
sprintf,builtin,codistributed;dlarray;gpuArray;xregtable
spy,mfile,mechss;sparss
sqrt,builtin,codistributed;dlarray;double;gpuArray;half;single;sym;tabular
sqrtm,mfile,sym
square,mfile,
squareform,none,
squeeze,mfile,distributed;dlarray;tall
ss,mfile,DynamicSystem;StaticModel;idParametric;mpc;ss
ss2sos,mfile,
ss2tf,mfile,
ss2zp,mfile,
sscanf,builtin,
ssim,mfile,dlarray
stackedplot,mfile,
stairs,mfile,
standardizeMissing,mfile,codistributed;tall
startsWith,builtin,codistributed;string;tall
statelevels,mfile,
statget,none,
statset,none,
std,mfile,datetime;distributed;duration;tabular;tall;timeseries
std2,mfile,gpuArray
stdfilt,mfile,gpuArray
stem,mfile,
stem3,mfile,
stepwisefit,none,
stepz,mfile,
stft,mfile,gpuArray;tall
stftmag2sig,mfile,gpuArray
stlread,mfile,
stlwrite,mfile,
stmcb,mfile,
str,none,
str2double,mfile,codistributed;opaque;tall
str2func,builtin,
str2mat,mfile,
str2num,mfile,codistributed;opaque;tall
strcat,mfile,cell;string
strcmp,builtin,codistributed;opaque;tall
strcmpi,builtin,codistributed;opaque;tall
stream2,mfile,
stream3,mfile,
streamline,mfile,
streamparticles,mfile,
streamribbon,mfile,
streamslice,mfile,
streamtube,mfile,
strel,mfile,
stretchlim,mfile,gpuArray
strfind,builtin,codistributed;opaque;tall
string,other,categorical;codistributed;dlarray;opaque;string;sym;symfun;tall;tokenizedDocument
strings,builtin,
strip,mfile,codistributed;tall
stripline,mfile,
striplinew,none,
strips,mfile,
strjoin,mfile,
strjust,mfile,
strlength,builtin,codistributed;string;tall
strmatch,mfile,opaque
strncmp,builtin,codistributed;opaque;tall
strncmpi,builtin,codistributed;opaque;tall
strrep,builtin,codistributed;tall
strsplit,mfile,
strtok,mfile,
strtrim,builtin,codistributed;tall
struct,builtin,SimData;dictionary
struct2cell,builtin,codistributed;struct
struct2table,mfile,
structfun,builtin,
strvcat,mfile,
sub2ind,mfile,distributed;gpuArray;tall
subplot,mfile,
subspace,mfile,distributed
subtitle,mfile,
subvolume,mfile,
sum,builtin,codistributed;cvdata;dlarray;double;duration;gpuArray;half;int16;int32;int64;int8;logical;single;sym;tabular;tall;timeseries;uint16;uint32;uint64;uint8
summary,mfile,categorical;codistributed;dataset;distributed;esbacktest;esbacktestbyde;esbacktestbysim;mdev_local;modeldev;tabular;tall;trackingArchitecture;varbacktest;xreggpr;xreginterprbf;xreglinear;xregmodel;xregmulti;xregmultilin;xregnnet;xregunispline
superpixels,mfile,
superpixels3,mfile,
surf,mfile,
surf2patch,mfile,
surface,builtin,xregmodel
surfc,mfile,
surfl,mfile,
surfnorm,mfile,
svd,builtin,codistributed;double;frd;gpuArray;single;sym;tall
svds,mfile,codistributed;gpuArray
swarmchart,mfile,
swarmchart3,mfile,
sylvester,mfile,
symamd,mfile,
symbfact,builtin,
symmlq,mfile,codistributed;gpuArray
symrcm,builtin,double;logical;single
symvar,mfile,fittype;inline;sym
tLocationScaleDistribution,none,
table,mfile,cgoppoint;codistributed;distributed;table;tall
table2struct,mfile,
tabulate,none,
tachorpm,mfile,
tail,mfile,codistributed;distributed;gpuArray;tall
tan,builtin,codistributed;dlarray;double;gpuArray;half;single;sym;tabular
tand,builtin,codistributed;double;gpuArray;single;sym;tabular
tanh,builtin,bfloat16;codistributed;dlarray;double;gpuArray;half;single;sym;tabular
taylorwin,mfile,
tblread,none,
tblwrite,none,
tcdf,none,
tdfread,none,
tempdir,mfile,
tempname,mfile,
tetramesh,mfile,
texlabel,mfile,sym
text,builtin,
textcolumn,none,
textscan,builtin,
tf,mfile,DynamicSystem;StaticModel;idParametric;mpc;tf
tf2latc,mfile,
tf2sos,mfile,
tf2ss,mfile,
tf2zp,mfile,
tf2zpk,mfile,
tfe,mfile,
tfestimate,mfile,gpuArray
tfqmr,mfile,codistributed;gpuArray
tfridge,mfile,
thd,mfile,
thetalim,mfile,
thetatickformat,mfile,
thetaticklabels,mfile,
thetaticks,mfile,
throw,other,
throwAsCaller,other,
tic,builtin,
tiedrank,mfile,
tiledlayout,mfile,
time,mfile,codistributed;tall
timeofday,mfile,codistributed;tall
times,builtin,InputOutputModel;calendarDuration;categorical;char;codistributed;cvdata;dlarray;double;duration;emlhalf;gpuArray;int16;int32;int64;int8;logical;quaternion;single;tabular;tall;timeseries;uint16;uint32;uint64;uint8
timetable,mfile,codistributed;distributed;tall;timetable
timezones,mfile,
tinv,none,
title,mfile,
toc,builtin,
toeplitz,mfile,distributed;sym
toi,mfile,
topkrows,mfile,categorical;codistributed;datetime;duration;gpuArray;tabular;tall;timetable
tpdf,none,
trace,mfile,distributed;gpuArray
transformPointsForward,none,
transformPointsInverse,none,
transpose,builtin,RedefinesParen;Scalar;categorical;cell;char;codistributed;dlarray;double;gpuArray;int16;int32;int64;int8;logical;opaque;quaternion;se2;se3;single;so2;so3;string;struct;sym;uint16;uint32;uint64;uint8
trapz,mfile,codistributed;gpuArray
treelayout,mfile,
treeplot,mfile,
triang,mfile,
tril,builtin,char;codistributed;double;gpuArray;int16;int32;int64;int8;logical;single;sym;uint16;uint32;uint64;uint8
trim,mfile,mpc
trimesh,mfile,
trimmean,none,
triplequad,mfile,
triplot,mfile,
tripuls,mfile,
trisurf,mfile,
triu,builtin,char;codistributed;double;gpuArray;int16;int32;int64;int8;logical;single;sym;uint16;uint32;uint64;uint8
trnd,none,
true,builtin,codistributed;codistributor1d;codistributor2dbc;distributed;gpuArray
truncate,none,
tsa,mfile,
tsearchn,mfile,
tsne,none,
tstat,none,
ttest,none,
ttest2,none,
tukeywin,mfile,
type,builtin,cgexprmodel;cgfuncmodel;fittype;mdevtestplan;xregdataset;xregexportmodel;xregmodswitch;xregstatsmodel
typecast,builtin,codistributed;gpuArray
tzoffset,mfile,codistributed;tall
udecode,mfile,
uencode,mfile,
uiaxes,mfile,
uicontextmenu,builtin,
uimenu,builtin,
uminus,builtin,calendarDuration;cgslparser;char;codistributed;dlarray;double;duration;gpuArray;icsignal;idarx;int16;int32;int64;int8;laurmat;laurpoly;logical;single;uint16;uint32;uint64;uint8
undershoot,mfile,
unicode2native,builtin,
unidcdf,none,
unidinv,none,
unidpdf,none,
unidrnd,none,
unidstat,none,
unifcdf,none,
unifinv,none,
unifit,none,
unifpdf,none,
unifrnd,none,
unifstat,none,
union,mfile,categorical;cell;codistributed;dataset;datetime;duration;fegeometry;gpuArray;polyshape;symfun;tabular;tall
unique,mfile,calendarDuration;categorical;cell;codistributed;dataset;datetime;duration;gpuArray;sym;symfun;tabular;tall
uniquetol,builtin,gpuArray
unmesh,mfile,
unmkpp,mfile,
unshiftdata,mfile,
unwrap,mfile,codistributed;frd;gpuArray
upfirdn,mfile,gpuArray
uplus,builtin,char;codistributed;dlarray;double;gpuArray;icsignal;int16;int32;int64;int8;logical;single;uint16;uint32;uint64;uint8
upper,builtin,codistributed;string
upsample,mfile,DynamicSystem;gpuArray
validateattributes,builtin,codistributed;distributed;dlarray;gpuArray
validatecolor,mfile,
values,other,
vander,mfile,distributed;symfun
var,mfile,codistributed;gpuArray;localavfit;localmulti;tabular;tall;timeseries;xregmodel;xregmulti;xregunispline
variance,none,
vartest,none,
vartest2,none,
vartestn,none,
vco,mfile,
vecnorm,builtin,codistributed;dlarray;double;gpuArray;single;tall
vectorize,mfile,inline;merton;sdeddo
version,builtin,mtree
vertcat,builtin,Bluetooth;LegacyIcdevice;RedefinesParen;Scalar;categorical;codistributed;coninputfactor;dataset;dlarray;fittype;gpib;gpuArray;half;i2c;icgroup;icsignal;iddata;inline;iviconfigurationstore;laurpoly;network;serial;string;sweepset;sym;tabular;tall;tcpip;tokenizedDocument;tscollection;udp;videoinput;visa;xregdataset
view,mfile,DynamicSystem;HeatMap;cgdatasetnode;cgddnode;cgfeaturenode;cgmodelnode;cgnode;cgnormnode;cgoptimnode;cgoptimoutnode;cgproject;cgtablenode;cgtradeoffnode;cgtradeofftblnode;clustergram;genmat;mdev_local;mdevproject;mdevtestplan;modeldev;network;phytree;vrworld;xregmodel
viewmtx,mfile,
visboundaries,mfile,
viscircles,mfile,
volumebounds,mfile,
voronoi,mfile,
voronoin,mfile,
vswr,mfile,
waitfor,builtin,timer
waitforbuttonpress,builtin,
warning,builtin,
warp,mfile,
waterfall,mfile,
watershed,mfile,
wavelength,none,
wblcdf,none,
wblfit,none,
wblinv,none,
wbllike,none,
wblpdf,none,
wblplot,none,
wblrnd,none,
wblstat,none,
week,mfile,codistributed;tall
weekday,mfile,
what,builtin,
which,builtin,
whitebg,mfile,
whitepoint,mfile,
who,builtin,
whos,builtin,
width,mfile,tall
wiener2,mfile,gpuArray
wilkinson,mfile,
window,mfile,
wishrnd,none,
writeVideo,none,
writecell,mfile,codistributed
writelines,mfile,
writematrix,mfile,codistributed;gpuArray
writetable,mfile,codistributed;tall
x2fx,mfile,localpoly;localpspline;localsurface;localtruncps;xreg3xspline;xregcubic;xreghybridrbf;xreglinear;xregmultilin;xregrbf;xregtwostage;xregunispline
xcorr,mfile,gpuArray;tall
xcorr2,mfile,
xcov,mfile,tall
xlabel,mfile,
xlim,mfile,half
xline,mfile,
xor,builtin,char;codistributed;conbase;dlarray;double;gpuArray;int16;int32;int64;int8;logical;polyshape;single;tabular;uint16;uint32;uint64;uint8
xptread,mfile,
xspectrogram,mfile,gpuArray
xtickangle,mfile,
xtickformat,mfile,
xticklabels,mfile,
xticks,mfile,
xyz2double,mfile,
xyz2lab,mfile,
xyz2rgb,mfile,
xyz2uint16,mfile,
y2s,mfile,
ycbcr2rgb,mfile,gpuArray
year,mfile,codistributed;tall
years,mfile,codistributed;tall
ylabel,mfile,
ylim,mfile,half
yline,mfile,
ymd,mfile,codistributed;tall
ytickangle,mfile,
ytickformat,mfile,
yticklabels,mfile,
yticks,mfile,
yulewalk,mfile,
yyaxis,mfile,
yyyymmdd,mfile,codistributed;tall
z2s,mfile,
zerocrossrate,mfile,
zerophase,mfile,
zeros,builtin,codistributed;codistributor1d;codistributor2dbc;distributed;gpuArray;half;quaternion
zlabel,mfile,
zlim,mfile,half
zoomInteraction,mfile,
zp2ctf,mfile,
zp2sos,mfile,
zp2ss,mfile,
zp2tf,mfile,
zpk,mfile,DynamicSystem;idParametric;mpc;zpk
zplane,mfile,
zplaneplot,mfile,
zscore,none,
ztest,none,
ztickangle,mfile,
ztickformat,mfile,
zticklabels,mfile,
zticks,mfile,
