name,section,kind,forms
aboutsignaltbx,unlisted,function,
ac2poly,Signal Modeling,function,"[A,Efinal]=AC2POLY(R);[a,efinal] = ac2poly(r)"
ac2rc,Signal Modeling,function,"[K,R0] = AC2RC(R)"
alignsignals,Correlation and Convolution,function,"[Xa,Ya] = ALIGNSIGNALS(X,Y);[Xa,Ya] = ALIGNSIGNALS(X,Y,Method=METHOD);[Xa,Ya] = ALIGNSIGNALS(X,Y,Method='xcorr',MaxLag=ML);[Xa,Ya] = ALIGNSIGNALS(X,Y,Method='npeak',PeakNum=NP);[Xa,Ya] = ALIGNSIGNALS(X,Y,...,MinPeakProminence=PP,MinPeakHeight=PH);[Xa,Ya] = ALIGNSIGNALS(X,Y,Method='risetime',StateLevels=SL);[Xa,Ya] = ALIGNSIGNALS(X,Y,...,Truncate=TF);[Xa,Ya,D] = ALIGNSIGNALS(...);[Xa,Ya,D] = alignsignals(X,Y,MaxLag=2);[Xa,Ya,D] = alignsignals(X,Y,Truncate=true);[Xa,Ya] = alignsignals(x1,x2,Method='npeak',PeakNum=2);[Xa,Ya] = alignsignals(x1,x2,Method='maxpeak');[Xa,Ya] = alignsignals(e1,e2,Method='risetime')"
arburg,Signal Modeling,function,"A = ARBURG(X,ORDER);[A,E] = ARBURG(...);[A,E,K] = ARBURG(...);[ar_coeffs,NoiseVariance]=arburg(y,4)"
arcov,Signal Modeling,function,"A = ARCOV(X,ORDER);[A,E] = ARCOV(...);[ar,vr] = arcov(x,numel(a)-1)"
armcov,Signal Modeling,function,"A = ARMCOV(X,ORDER);[A,E] = ARMCOV(...);[ar,ec] = armcov(x,numel(a)-1)"
aryule,Signal Modeling,function,"A = ARYULE(X,ORDER);[A,E] = ARYULE(...);[A,E,K] = ARYULE(...);[ar_coeffs,NoiseVariance,reflect_coeffs]=aryule(y,10)"
bandpass,Digital Filtering,function,"Y = BANDPASS(X,Wpass);Y = BANDPASS(X,Fpass,Fs);YT = BANDPASS(XT,Fpass);BANDPASS(...,'Steepness',S);BANDPASS(...,'StopbandAttenuation',A);BANDPASS(...,'ImpulseResponse',R);[Y,D] = BANDPASS(...);BANDPASS(...);bandpass(x,[100,200],Fs);bandpass(x,[0.3, 0.7]);[y1, D1] = bandpass(x,[150,350],Fs,Steepness=0.5);[y2, D2] = bandpass(x,[150,350],Fs,Steepness=0.8);[y3, D3] = bandpass(x,[150,350],Fs,Steepness=0.95)"
bandpower,Measurements and Feature Extraction,function,"P = BANDPOWER(X);P = BANDPOWER(X, Fs, FREQRANGE);P = BANDPOWER(Pxx, F, 'psd');P = BANDPOWER(Pxx, F, FREQRANGE, 'psd');bandpower(x, Fs, Fc + [-50e3 50e3])"
bandstop,Digital Filtering,function,"Y = BANDSTOP(X,Wpass);Y = BANDSTOP(X,Fpass,Fs);YT = BANDSTOP(XT,Fpass);BANDSTOP(...,'Steepness',S);BANDSTOP(...,'StopbandAttenuation',A);BANDSTOP(...,'ImpulseResponse',R);[Y,D] = BANDSTOP(...);BANDSTOP(...);bandstop(x,[100,200],Fs);bandstop(x,[0.3, 0.7]);[y1, D1] = bandstop(x,[150,350],Fs,Steepness=0.5);[y2, D2] = bandstop(x,[150,350],Fs,Steepness=0.8);[y3, D3] = bandstop(x,[150,350],Fs,Steepness=0.95)"
barthannwin,Spectral Analysis,function,BARTHANNWIN(N);w = barthannwin(N)
bartlett,Spectral Analysis,function,W = BARTLETT(N);bartlett(L)
besselap,Analog Filters,function,"[Z,P,K] = BESSELAP(N);[z,p,k]=besselap(6)"
besself,Analog Filters,function,"[B,A] = BESSELF(N,Wo);[Z,P,K] = BESSELF(...);BESSELF(...);[b,a] = besself(5,10000);[b,a] = besself(4,2*pi*300)"
bilinear,Analog Filters,function,"[Zd,Pd,Kd] = BILINEAR(Z,P,K,Fs);[NUMd,DENd] = BILINEAR(NUM,DEN,Fs);[Ad,Bd,Cd,Dd] = BILINEAR(A,B,C,D,Fs);[Zd,Pd,Kd] = BILINEAR(Z,P,K,Fs,Fp);[numd,dend]=bilinear(num,den,Fs)"
binmask2sigroi,Measurements and Feature Extraction,function,ROILIMS = binmask2sigroi(MASK);roiLimits = binmask2sigroi(mask)
bitrevorder,Transforms,function,"Y = BITREVORDER(X);[Y,I] = BITREVORDER(X);BITREVORDER(X);y = bitrevorder(x)"
blackman,Spectral Analysis,function,"BLACKMAN(N);BLACKMAN(N,SFLAG);blackman(L)"
blackmanharris,Spectral Analysis,function,"BLACKMANHARRIS(N);BLACKMANHARRIS(N,SFLAG);w = blackmanharris(N)"
bohmanwin,Spectral Analysis,function,BOHMANWIN(N);w = bohmanwin(N)
boxcar,unlisted,function,
bscost,unlisted,function,"BSCOST(wp,ind,WP,WS,rs,rp,FILTYPE)"
buffer,Signal Generation and Preprocessing,mex,"Y = BUFFER(X,N);Y = BUFFER(X,N,P);Y = BUFFER(X,N,P,OPT);Y = BUFFER(X, ...);[Y,Z] = BUFFER(X, ...);[Y,Z,OPT] = BUFFER(X, ...);y = buffer(x, 8, 4);[y,z] = buffer(x, 8, -4);x = buffer(1:1000, 50);[y,z,opt] = buffer([z;acq], 24, 8, opt)"
buttap,Analog Filters,function,"[Z,P,K] = BUTTAP(N);[z,p,k]=buttap(9)"
butter,Analog Filters,function,"[B,A] = BUTTER(N,Wn);[B,A] = BUTTER(N,Wn,'high');[B,A] = BUTTER(N,Wn,'low');[B,A] = BUTTER(N,Wn,'stop');[Z,P,K] = BUTTER(...);[A,B,C,D] = BUTTER(...);BUTTER(N,Wn,'s');BUTTER(N,Wn,'high','s');BUTTER(N,Wn,'stop','s');[z,p,k] = butter(9,Wn,'high');[b2,a2]=butter(2,[.15,.3])"
buttord,Digital Filter Design,function,"[N, Wn] = BUTTORD(Wp, Ws, Rp, Rs);[N, Wn] = BUTTORD(Wp, Ws, Rp, Rs, 's');[n,Wn] = buttord(Wp,Ws,3,60);[n,Wn] = buttord(Wp,Ws,Rp,Rs)"
cascade,unlisted,function,"Hd = cascade(Hd1, Hd2, ...);cascade(Hd1,Hd2,...)"
cceps,Transforms,function,"CCEPS(X);[XHAT,ND] = CCEPS(X);[XHAT,ND,XHAT1] = CCEPS(X);CCEPS(X,N);c = cceps(s2)"
cconv,Correlation and Convolution,function,"C = CCONV(A, B, N);c = cconv(a,b,4);c = cconv(a,b,11);c = cconv(a,conj(fliplr(b)),7)"
cell2sos,Digital Filtering,function,"S = CELL2SOS(C);[S,G] = CELL2SOS(C);s = cell2sos(c);[s,g] = cell2sos(c)"
cfirpm,Digital Filter Design,function,"B = CFIRPM(N,F,A,W);B = CFIRPM(N,F,@fresp,W);B = CFIRPM(N,F,{@fresp,P1,P2,...},W);B = CFIRPM(N,F,{@multiband,A},W);B = CFIRPM(..., SYM);B = CFIRPM(..., 'skip_stage2');B = CFIRPM(..., DEBUG);B = CFIRPM(...,{LGRID});[B,ERR] = CFIRPM(...);[B,ERR,RES] = CFIRPM(...);b = cfirpm(30,[-1 -.5 -.4 .7 .8 1],@lowpass);[b,del,res] = cfirpm(64,[0 0.3 0.4 1],{@invsinc,3},[1,1],'even');b = cfirpm(30,[-1 -.5 -.4 .7 .8 1],{@multiband,[0 0 1 2 0 0]})"
cheb1ap,Analog Filters,function,"[Z,P,K] = CHEB1AP(N,Rp);[z,p,k]=cheb1ap(6,3)"
cheb1ord,Digital Filter Design,function,"[N, Wp] = CHEB1ORD(Wp, Ws, Rp, Rs);[N, Wp] = CHEB1ORD(Wp, Ws, Rp, Rs, 's');[n,Wp] = cheb1ord(Wp,Ws,Rp,Rs)"
cheb2ap,Analog Filters,function,"[Z,P,K] = CHEB2AP(N,Rs);[z,p,k]=cheb2ap(6,70)"
cheb2ord,Digital Filter Design,function,"[N, Ws] = CHEB2ORD(Wp, Ws, Rp, Rs);[N, Ws] = CHEB2ORD(Wp, Ws, Rp, Rs, 's');[n,Ws] = cheb2ord(Wp,Ws,Rp,Rs)"
chebwin,Spectral Analysis,function,"CHEBWIN(N);CHEBWIN(N,R);chebwin(L)"
cheby1,Analog Filters,function,"[B,A] = CHEBY1(N,R,Wp);CHEBY1(N,R,Wp,'high');CHEBY1(N,R,Wp,'low');CHEBY1(N,R,Wp,'stop');[Z,P,K] = CHEBY1(...);[A,B,C,D] = CHEBY1(...);CHEBY1(N,R,Wp,'s');CHEBY1(N,R,Wp,'high','s');CHEBY1(N,R,Wp,'stop','s');[z,p,k] = cheby1(9,5,Wn);[b2,a2]=cheby1(2,3,[.2,.5])"
cheby2,Analog Filters,function,"[B,A] = CHEBY2(N,R,Wst);CHEBY2(N,R,Wst,'high');CHEBY2(N,R,Wst,'low');CHEBY2(N,R,Wst,'stop');[Z,P,K] = CHEBY2(...);[A,B,C,D] = CHEBY2(...);CHEBY2(N,R,Wst,'s');CHEBY2(N,R,Wst,'high','s');CHEBY2(N,R,Wst,'stop','s');[z,p,k] = cheby2(9,40,Wn);[b2,a2]=cheby2(6,80,[.2,.5])"
ChkIfBlockReusable,unlisted,function,
cohere,unlisted,function,
completefreqresp,unlisted,function,
computepsd,unlisted,function,"[Pxx,W,UNITS] = COMPUTEPSD(Sxx,W,RANGE,NFFT,Fs,ESTTYPE)"
convmtx,Correlation and Convolution,function,"A = CONVMTX(H,N);convmtx(h,7)"
corrmtx,Correlation and Convolution,function,"X = CORRMTX(S,M);X = CORRMTX(S,M,METHOD);[X,R] = CORRMTX(...);X = corrmtx(sig,12,'mod')"
cpsd,Spectral Analysis,function,"Pxy = CPSD(X,Y);CPSD(X(:,n),Y(:,n));Pxy = CPSD(X,Y,WINDOW);Pxy = CPSD(X,Y,WINDOW,NOVERLAP);[Pxy,W] = CPSD(X,Y,WINDOW,NOVERLAP,NFFT);[Pxy,W] = CPSD(X,Y,WINDOW,NOVERLAP,W);[Pxy,F] = CPSD(X,Y,WINDOW,NOVERLAP,NFFT,Fs);[Pxy,F] = CPSD(X,Y,WINDOW,NOVERLAP,F,Fs);[...] = CPSD(...,'mimo');[...] = CPSD(...,FREQRANGE);CPSD(...);cpsd(x,y,[],[],[],Fs,'twosided');cpsd(x,y,[],[],[],Fs,'mimo')"
cremez,unlisted,function,
crmz_grid,unlisted,function,"CRMZ_GRID(Edge_Pairs, L, fdomain, grid_density)"
csd,unlisted,function,
cusum,Measurements and Feature Extraction,function,"[IUPPER, ILOWER] = CUSUM(X);[IUPPER, ILOWER] = CUSUM(X, CLIMIT);[IUPPER, ILOWER] = CUSUM(X, CLIMIT, MSHIFT);[IUPPER, ILOWER] = CUSUM(X, CLIMIT, MSHIFT, TMEAN);[IUPPER, ILOWER] = CUSUM(X, CLIMIT, MSHIFT, TMEAN, TDEV);[IUPPER, ILOWER] = CUSUM(...,'all');[IUPPER, ILOWER, UPPERSUM, LOWERSUM] = CUSUM(...);CUSUM(...);cusum(x)"
czt,Transforms,function,"G = CZT(X, M, W, A);CZT(X);z = czt(h,m,w,a)"
datawrap,unlisted,function,"DATAWRAP(X,NFFT)"
db,Spectral Analysis,function,"DB(X);DB(X,U);DB(X,R);DB(X,U,R);dB (1 Ohm ref.);db(.1);dB (50 Ohm ref.);db(sqrt(.5),50);db(1e-3,'power')"
db2pow,Spectral Analysis,function,Y = DB2POW(YDB);y = db2pow(12)
dct,GPU-accelerated signal processing functions,function,"Y = DCT(X);Y = DCT(X,N);Y = DCT(X,[],DIM);Y = DCT(X,N,DIM);Y = DCT(...,'Type',K);X = dct(x)"
decimate,Multirate Signal Processing,function,"Y = DECIMATE(X,R);Y = DECIMATE(X,R,N);Y = DECIMATE(X,R,'FIR');Y = DECIMATE(X,R,N,'FIR');y = decimate(x,4)"
demod,Signal Generation and Preprocessing,function,"X = DEMOD(Y,Fc,Fs,METHOD,OPT);[X1,X2] = DEMOD(Y,Fc,Fs,'qam');y = demod(rx,3e3,Fs,'fm')"
designfilt,Digital Filter Design,function,"D = DESIGNFILT(RESP,P1,V1,P2,V2,...);DESIGNFILT(RESP);DESIGNFILT(D);designfilt(bpFilt)"
dftmtx,Transforms,function,DFTMTX(N);D = dftmtx(4)
digitalFilter,Digital Filter Design,function,
digitrevorder,Transforms,function,"Y = DIGITREVORDER(X, R);[Y,I] = DIGITREVORDER(X, R);y2 = digitrevorder(x, 2);y4 = digitrevorder(x, 4)"
diric,Signal Generation and Preprocessing,function,"Y = DIRIC(X,N);diric(x,7);diric(x,8);diric(x_diric,7)"
downsample,Multirate Signal Processing,function,"DOWNSAMPLE(X,N);DOWNSAMPLE(X,N,PHASE);y = downsample(x,3);y = downsample(x,3,2)"
dpss,Spectral Analysis,function,"[E,V] = DPSS(N,NW);[E,V] = DPSS(N,NW,K);[E,V] = DPSS(N,NW,[K1 K2]);[E,V] = DPSS(N,NW,'spline');[E,V] = DPSS(N,NW,'spline',Ni);DPSS(N,NW,'linear');DPSS(N,NW,'linear',Ni);[E,V] = DPSS(N,NW,'calc');DPSS(...,'trace');[dps_seq,lambda] = dpss(seq_length,time_halfbandwidth,num_seq)"
dpssclear,Spectral Analysis,function,"DPSSCLEAR(N,NW);dpssclear(512,2.5);dpssclear(1024,2.5)"
dpssdir,Spectral Analysis,function,"DPSSDIR(N);DPSSDIR(NW,'NW');DPSSDIR(N,NW)"
dpssload,Spectral Analysis,function,"[E,V] = DPSSLOAD(N,NW);[e,v] = dpssload(512,2.5)"
dpsssave,Spectral Analysis,function,"DPSSSAVE(NW,E,V);STATUS = DPSSSAVE(NW,E,V);dpsssave(time_halfbandwidth,dps_seq,lambda)"
drawpznumbers,unlisted,function,"DRAWPZNUMBERS(PZ, HAX)"
dtw,Correlation and Convolution,function,"DIST = DTW(X,Y);[DIST,IX,IY] = DTW(X,Y);[DIST,IX,IY] = DTW(X,Y,MAXSAMP);[DIST,IX,IY] = DTW(X,Y,...,METRIC);DTW(...);dtw(x,y);dtw(MATLAB1,MATLAB2)"
dutycycle,Measurements and Feature Extraction,function,"D = DUTYCYCLE(X);D = DUTYCYCLE(X,Fs);D = DUTYCYCLE(X,T);D = DUTYCYCLE(TAU,PRF);D = DUTYCYCLE(...,'Polarity',POL);D = DUTYCYCLE(...,'Tolerance',TOL);D = DUTYCYCLE(...,'MidPercentReferenceLevel',L);D = DUTYCYCLE(...,'StateLevels',SL);[D,INITCROSS] = DUTYCYCLE(...);[D,INITCROSS,FINALCROSS] = DUTYCYCLE(...);[D,INITCROSS,FINALCROSS,NEXTCROSS] = DUTYCYCLE(...);[D,INITCROSS,FINALCROSS,NEXTCROSS,MIDLEV] = DUTYCYCLE(...);DUTYCYCLE(...);y = dutycycle(x, t);y = dutycycle(x, 4e6)"
edfheader,Measurements and Feature Extraction,function,"HDRLIST = EDFHEADER(FILETYPE);edfHdr = edfheader(""EDF"");edfPlusHdr = edfheader(""EDF+"")"
edfinfo,Measurements and Feature Extraction,function,INFO = EDFINFO(FILENAME);info = edfinfo('example.edf')
edfread,Measurements and Feature Extraction,function,"DATA = EDFREAD(FILENAME);DATA = EDFREAD(...,'SelectedSignals',SIGNAMES);DATA = EDFREAD(...,'SelectedDataRecords',RECORDINDICES);DATA = EDFREAD(...,'DataRecordOutputType',DTYPE);DATA = EDFREAD(...,'TimeOutputType',TTYPE);[DATA ANNOTATIONS] = EDFREAD(...);data = edfread('example.edf');[data,annotations] = edfread('example.edf','SelectedSignals',""ECG"");data = edfread('example.edf','SelectedDataRecords',[1 3 5])"
edfwrite,Measurements and Feature Extraction,function,"EDFW = EDFWRITE(FILENAME,HDR,SIGDATA);EDFW = EDFWRITE(FILENAME,HDR,ANNOTATIONSLIST);EDFW = EDFWRITE(FILENAME,HDR,SIGDATA,ANNOTATIONSLIST);EDFW = EDFWRITE(...,'DataRecordTimes',RECORDTIMES);EDFW = EDFWRITE(FILENAME);EDFW = EDFWRITE(...,'AnnotationsEncoding',ENCODINGFORMAT);EDFW = EDFWRITE(...,'InputSampleType',SAMPLETYPE);edfw = edfwrite('Local_folder/exampleFile.edf')"
edr,Correlation and Convolution,function,"DIST = EDR(X,Y,TOL);[DIST,IX,IY] = EDR(X,Y,TOL);[DIST,IX,IY] = EDR(X,Y,TOL,MAXSAMP);[DIST,IX,IY] = EDR(X,Y,TOL,...,METRIC);EDR(...);edr(x,y,.1);edr(MATLAB1,MATLAB2,450)"
ellip,Analog Filters,function,"[B,A] = ELLIP(N,Rp,Rs,Wp);ELLIP(N,Rp,Rs,Wp,'high');ELLIP(N,Rp,Rs,Wp,'low');ELLIP(N,Rp,Rs,Wp,'stop');[Z,P,K] = ELLIP(...);[A,B,C,D] = ELLIP(...);ELLIP(N,Rp,Rs,Wp,'s');ELLIP(N,Rp,Rs,Wp,'high','s');ELLIP(N,Rp,Rs,Wp,'stop','s');[z,p,k] = ellip(6,3,50,Wn);[b2,a2]=ellip(6,5,80,[.2,.5])"
ellipord,Digital Filter Design,function,"[N, Wp] = ELLIPORD(Wp, Ws, Rp, Rs);[N, Wp] = ELLIPORD(Wp, Ws, Rp, Rs, 's');[n,Wp] = ellipord(Wp,Ws,Rp,Rs)"
enbw,Measurements and Feature Extraction,function,"BW = ENBW(WINDOW);BW = ENBW(WINDOW, Fs);bw1 = enbw(hann(10000));bw2 = enbw(hann(10000), 44.1e3)"
envelope,Measurements and Feature Extraction,function,"[YUPPER,YLOWER] = ENVELOPE(X);[YUPPER,YLOWER] = ENVELOPE(X,N);[YUPPER,YLOWER] = ENVELOPE(X,N,ENVTYPE);ENVELOPE(...);envelope(x);envelope(x,50);envelope(y,150,'rms');envelope(mtlb,30,'peak')"
envspectrum,Vibration Analysis,function,"ES = ENVSPECTRUM(X,Fs);ES = ENVSPECTRUM(XT);ES = ENVSPECTRUM(...,'Method',EM);ES = ENVSPECTRUM(...,'Band',BA);ES = ENVSPECTRUM(...,'FilterOrder',FO);[ES,F] = ENVSPECTRUM(...);[ES,F,ENV,T] = ENVSPECTRUM(...);ENVSPECTRUM(...);envspectrum([yGood yBad],fs,'Band',[2500 3500])"
eqtflength,Digital Filtering,function,"[B,A] = EQTFLENGTH(NUM,DEN);[B,A,N,M] = EQTFLENGTH(NUM,DEN)"
extendsigroi,Measurements and Feature Extraction,function,"ROILIMSOUT = extendsigroi(ROILIMS,SL,SR);roiMatrixExtended = extendsigroi(roiMatrix,2,2);roiMatrix = extendsigroi(roiMatrix,0,5)"
extract_phase,unlisted,function,
extractsigroi,Measurements and Feature Extraction,function,"SIGROI = extractsigroi(X,ROILIMS);sigCell = extractsigroi(x,roiMatrix);sigVect = extractsigroi(x,roiMatrix,true)"
falltime,Measurements and Feature Extraction,function,"F = FALLTIME(X);F = FALLTIME(X,Fs);F = FALLTIME(X,T);F = FALLTIME(...,'Tolerance',TOL);F = FALLTIME(...,'PercentReferenceLevels',PRL);F = FALLTIME(...,'StateLevels',SL);[F,LT,UT] = FALLTIME(...);[F,LT,UT,LL,UL] = FALLTIME(...);FALLTIME(...);falltime(x, t);y = falltime(x, 4e6)"
fastreshape,unlisted,function,"FASTRESHAPE(HOBJ, H, FS, UC, NFFT)"
fdesign,unlisted,function,
fftfilt,Digital Filtering,function,"Y = FFTFILT(B,X);Y = FFTFILT(B,X,N);Y = FFTFILT(D,X,...);y = fftfilt(b,x);y = fftfilt(D,data)"
fillgaps,Multirate Signal Processing,function,"Y = FILLGAPS(X);Y = FILLGAPS(X, MAXLEN);Y = FILLGAPS(X, MAXLEN, ORDER);FILLGAPS(...);fillgaps(x)"
filt2block,Digital Filter Design,function,"FILT2BLOCK(B);FILT2BLOCK(B,'subsystem');FILT2BLOCK(B,...,'FilterStructure',STRUCT);FILT2BLOCK(B,A);FILT2BLOCK(B,A,'subsystem');FILT2BLOCK(B,A,...,'FilterStructure',STRUCT);FILT2BLOCK(SOS);FILT2BLOCK(SOS,'subsystem');FILT2BLOCK(SOS,...,'FilterStructure',STRUCT);FILT2BLOCK(D);FILT2BLOCK(D,'subsystem');FILT2BLOCK(D,...,'FilterStructure',STRUCT);FILT2BLOCK(..., PARAMETER1, VALUE1, PARAMETER2, VALUE2, ...);filt2block(B,A,'BlockName','Lowpass IIR')"
filtdes,unlisted,class,
filterAnalysisOptions,unlisted,class,
filternorm,Digital Filter Analysis,function,"FILTERNORM(B,A);FILTERNORM(B,A,PNORM);FILTERNORM(...,TOL);L2 = filternorm(b,a,2,1e-10);Linf = filternorm(b,1,inf)"
filtfilt,Digital Filtering,function,"Y = FILTFILT(B,A,X);Y = FILTFILT(SOS,G,X);Y = FILTFILT(D,X);y = filtfilt(b,a,x);y = filtfilt(D,x)"
filtgraph,unlisted,class,
filtic,Digital Filtering,function,"Z = filtic(B, A, Y, X);Z = filtic(B, A, Y);xic = filtic(b,a,Y)"
filtord,Digital Filter Analysis,function,"N = FILTORD(B,A);N = FILTORD(SOS);N = FILTORD(D);n = filtord(b);n = filtord(SOS);n = filtord(D)"
filtstates,unlisted,class,
findchangepts,Measurements and Feature Extraction,function,"IPOINT = FINDCHANGEPTS(X);IPOINTS = FINDCHANGEPTS(..., 'MaxNumChanges', Kmax);IPOINTS = FINDCHANGEPTS(..., 'Statistic', STAT);IPOINTS = FINDCHANGEPTS(..., 'MinDistance', Lmin);IPOINTS = FINDCHANGEPTS(..., 'MinThreshold', BETA);[IPOINTS, RESIDUAL] = FINDCHANGEPTS(...);FINDCHANGEPTS(...);findchangepts(x);findchangepts(x,'Statistic','linear','MaxNumChanges',12);findchangepts(x,'Statistic','linear','MinThreshold',var(x));findchangepts(x,'MaxNumChanges',20);findchangepts(x,'Statistic','linear','MaxNumChanges',100);findchangepts(pow2db(Pxx),'MaxNumChanges',10)"
finddelay,Correlation and Convolution,function,"D = FINDDELAY(X,Y);FINDDELAY(X,Y);D = FINDDELAY(...,MAXLAG);D = finddelay(X,Y);D = finddelay(X,Y,MAXLAG)"
findfreqvector,unlisted,function,
findpeaks,Measurements and Feature Extraction,function,"PKS = FINDPEAKS(Y);[PKS,LOCS] = FINDPEAKS(Y);[PKS,LOCS] = FINDPEAKS(Y,X);[PKS,LOCS] = FINDPEAKS(Y,Fs);[...] = FINDPEAKS(...,'MinPeakHeight',MPH);[...] = FINDPEAKS(...,'MinPeakProminence',MPP);[...] = FINDPEAKS(...,'Threshold',TH);FINDPEAKS(...,'WidthReference',WR);[...] = FINDPEAKS(...,'MinPeakWidth',MINW);[...] = FINDPEAKS(...,'MaxPeakWidth',MAXW);[...] = FINDPEAKS(...,'MinPeakDistance',MPD);[...] = FINDPEAKS(...,'SortStr',DIR);[...] = FINDPEAKS(...,'NPeaks',NP);[PKS,LOCS,W] = FINDPEAKS(...);[PKS,LOCS,W,P] = FINDPEAKS(...);FINDPEAKS(...);FINDPEAKS(...,'Annotate',PLOTSTYLE);findpeaks(sunspot(:,2),sunspot(:,1),'MinPeakDistance',6);findpeaks(mtlb,Fs,'MinPeakProminence',1)"
findsignal,Correlation and Convolution,function,"[ISTART,ISTOP] = FINDSIGNAL(DATA,SIGNAL);[ISTART,ISTOP,DIST] = FINDSIGNAL(DATA,SIGNAL);[ISTART,ISTOP,DIST] = FINDSIGNAL(...,'Normalization',NSTAT);[ISTART,ISTOP,DIST] = FINDSIGNAL(...,'NormalizationLength',NLENGTH);[ISTART,ISTOP,DIST] = FINDSIGNAL(...,'MaxDistance',MAXDIST);[ISTART,ISTOP,DIST] = FINDSIGNAL(...,'MaxNumSegments',MAXSEG);[ISTART,ISTOP,DIST] = FINDSIGNAL(...,'TimeAlignment',ALIGN);[ISTART,ISTOP,DIST] = FINDSIGNAL(...,'EDRTolerance',TOL);[ISTART,ISTOP,DIST] = FINDSIGNAL(...,'Metric',METRIC);FINDSIGNAL(...);FINDSIGNAL(...,'Annotate',PLOTSTYLE);findsignal(data,signal);findsignal(MATLAB1,letterA,'MaxNumSegments',2)"
fir1,Digital Filter Design,function,"B = FIR1(N,Wn);B = FIR1(N,Wn,'high');B = FIR1(N,Wn,'low');B = FIR1(N,Wn,'bandpass');B = FIR1(N,Wn,'stop');B = FIR1(N,Wn,'DC-1');B = FIR1(N,Wn,'DC-0');B = FIR1(N,Wn,WIN);B = FIR1(N,Wn,kaiser(N+1,4));B = FIR1(N,Wn,'high',chebwin(N+1,R));B = FIR1(N,Wn,'noscale');B = FIR1(N,Wn,'high','noscale');B = FIR1(N,Wn,wind,'noscale');FIR1(N,Wn,'scale');b = fir1(48,[0.35 0.65]);b = fir1(34,0.48,'high',chebwin(35,30))"
fir2,Digital Filter Design,function,"B = FIR2(N,F,A);B = FIR2(N,F,A,NPT);B = FIR2(N,F,A,NPT,LAP);B = FIR2(N,F,A,bartlett(N+1));B = FIR2(N,F,A,chebwin(N+1,R));b = fir2(30,f,m);b = fir2(34,f,m)"
fircls,Digital Filter Design,function,"B = FIRCLS(N,F,A,DEV_UP,DEV_LO);FIRCLS(N,F,A,DEV_UP,DEV_LO,'trace');FIRCLS(N,F,A,DEV_UP,DEV_LO,'plots');b = fircls(n,f,a,up,lo)"
fircls1,Digital Filter Design,function,"B = FIRCLS1(N,WO,DEVP,DEVS);B = FIRCLS1(N,WO,DEVP,DEVS,'high');B = FIRCLS1(N,WO,DEVP,DEVS,WT);FIRCLS1(N,WO,DEVP,DEVS,WT,'high');B = FIRCLS1(N,WO,DEVP,DEVS,WP,WS,K);FIRCLS1(N,WO,DEVP,DEVS,WP,WS,K,WT,'high');FIRCLS1(N,W0,DEVP,DEVS,...,'trace');FIRCLS1(N,W0,DEVP,DEVS,...,'plots');h = fircls1(n,wo,dp,ds);h1 = fircls1(n,wo,dp,ds,wp,ws,K)"
firgauss,unlisted,function,
firls,Digital Filter Design,function,"B=FIRLS(N,F,A);B=FIRLS(N,F,A,W);B=FIRLS(N,F,A,'Hilbert');B=FIRLS(N,F,A,W,'Hilbert');B=FIRLS(30,[.1 .9],[1 1],'Hilbert');B=FIRLS(N,F,A,'differentiator');B=FIRLS(N,F,A,W,'differentiator');h=firls(30,[0 .1 .2 .5]*2,[1 1 0 0]);h=firls(44,[0 .3 .4 1],[0 .2 0 0],'differentiator');h=firls(25,[0 .4 .5 1],[0 0 1 1],'h')"
firpm,Digital Filter Design,function,"B=FIRPM(N,F,A);B=FIRPM(N,F,A,W);B=FIRPM(N,F,A,'Hilbert');B=FIRPM(N,F,A,W,'Hilbert');B=FIRPM(30,[.1 .9],[1 1],'Hilbert');B=FIRPM(N,F,A,'differentiator');B=FIRPM(N,F,A,W,'differentiator');B=FIRPM(...,{LGRID});[B,ERR]=FIRPM(...);[B,ERR,RES]=FIRPM(...);B=FIRPM(N,F,@fresp,W);B=FIRPM(N,F,{@fresp,P1,P2,...},W);B=FIRPM(N,F,{@firpmfrf,A},W);B=FIRPM(...,'h');B=FIRPM(...,'d');h=firpm(30,[0 .1 .2 .5]*2,[1 1 0 0]);h=firpm(44,[0 .3 .4 1],[0 .2 0 0],'differentiator');h=firpm(25,[0 .4 .5 1],[0 0 1 1],'h')"
firpmmex,unlisted,function,
firpmord,Digital Filter Design,function,"[N,Fo,Ao,W] = FIRPMORD(F,A,DEV,Fs);C = FIRPMORD(F,A,DEV,FS,'cell');[n,fo,mo,w] = firpmord([1500 2000], [1 0], [0.01 0.1], 8000);c = firpmord([1500 2000], [1 0], [0.01 0.1], 8000, 'cell')"
firrcos,unlisted,function,"B=FIRRCOS(N,Fc,DF,Fs);FIRRCOS(N,Fc,DF);B=FIRRCOS(N,Fc,R,Fs,'rolloff');B=FIRRCOS(N,Fc,DF,Fs,'bandwidth');B=FIRRCOS(N,Fc,DF,Fs,DESIGNTYPE);B=FIRRCOS(N,Fc,R,Fs,'rolloff',DESIGNTYPE);B=FIRRCOS(...,DESIGNTYPE,DELAY);B=FIRRCOS(...,DELAY,WINDOW);[B,A]=FIRRCOS(...);h = firrcos(20,0.25,0.25)"
firtype,Digital Filter Analysis,function,T = FIRTYPE(B);T = FIRTYPE(D);n = firtype(b1);n = firtype(b2);n = firtype(D)
flattopwin,Spectral Analysis,function,"FLATTOPWIN(N);FLATTOPWIN(N,SFLAG);w = flattopwin(64)"
framelbl,unlisted,function,"FLBL = FRAMELBL(LBL,FL);FLBL = FRAMELBL(...,InputLabelMode=MODE);FLBL = FRAMELBL(...,SignalLength=L);FLBL = FRAMELBL(...,SampleRate=Fs);FLBL = FRAMELBL(...,Categories=CAT);FLBL = FRAMELBL(...,ConsolidationMethod=CM);FLBL = FRAMELBL(...,PriorityList=PL);FLBL = FRAMELBL(...,OverlapLength=OL);FLBL = FRAMELBL(...,UnderlapLength=UL);FLBL = FRAMELBL(...,InitialCondition=IC);FLBL = FRAMELBL(...,InitialIndex=IDX);FLBL = FRAMELBL(...,IncompleteFrameRule=IFR);[FLBLW,FNLCOND] = FRAMELBL(...);[FLBL,FNLCOND,FNLIDX] = FRAMELBL(...);framedLabels = framelbl(catLbl,4)"
framesig,Signal Generation and Preprocessing,function,"XW = FRAMESIG(X,FL);XW = FRAMESIG(...,Window=WINDOW);XW = FRAMESIG(...,OverlapLength=OL);XW = FRAMESIG(...,UnderlapLength=UL);XW = FRAMESIG(...,InitialCondition=IC);XW = FRAMESIG(...,InitialIndex=IDX);XW = FRAMESIG(...,IncompleteFrameRule=IFR);XW = FRAMESIG(...,Dimension=DIM);[XW,FNLCOND] = FRAMESIG(...);[XW,FNLCOND,FNLIDX] = FRAMESIG(...);[xw,fc,fi] = framesig(x,10,OverlapLength=7)"
freqs,Analog Filters,function,"H = FREQS(B,A,W);FREQS(B,A,W);[H,W] = FREQS(B,A);FREQS(B,A,N);freqs(b,a,w);freqs(b,a)"
freqz,Digital Filter Analysis,function,"[H,W] = FREQZ(B,A,N);[H,W] = FREQZ(SOS,N);[H,W] = FREQZ(D,N);[H,W] = FREQZ(...,N,'whole');H = FREQZ(...,W);[H,F] = FREQZ(...,N,Fs);[H,F] = FREQZ(...,N,'whole',Fs);H = FREQZ(...,F,Fs);FREQZ(...);freqz(b);freqz(b,a);freqz(SOS);freqz(D,2048)"
freqz_freqvec,unlisted,function,
freqzparse,unlisted,function,"[NorW, UC, Fs, FsS] = freqzparse(varargin{:})"
freqzplot,unlisted,function,
fsst,Time-Frequency Analysis,function,"SST = FSST(X);[SST,W,S] = FSST(X);[SST,F,T] = FSST(X,Fs);[SST,F,T] = FSST(X,Ts);[...] = FSST(X,...,WINDOW);FSST(...);FSST(...,FREQLOCATION);fsst(x1+x2,fs,'yaxis');fsst(mtlb,Fs,hann(256),'yaxis')"
fwht,Transforms,function,"Y = FWHT(X);Y = FWHT(X,N);Y = FWHT(X,N,ORDERING);y = fwht(x);y = fwht(x,[],'hadamard')"
gauspuls,Signal Generation and Preprocessing,function,"YI=GAUSPULS(T,FC,BW);YI=GAUSPULS(T,FC,BW,BWR);[YI,YQ]=GAUSPULS(...);[YI,YQ,YE]=GAUSPULS(...);TC=GAUSPULS('cutoff',FC,BW,BWR,TPE);tc = gauspuls('cutoff',50E3,.6,[],-40);yi = gauspuls(t,50E3,.6)"
gaussdesign,Digital Filter Design,function,"H = GAUSSDESIGN(BT,SPAN,SPS);H = GAUSSDESIGN(BT);GAUSSDESIGN(BT,SPAN,SPS);H = GAUSSDESIGN(BT,SPAN);h = gaussdesign(bt,span,sps)"
gaussfir,unlisted,function,"H=GAUSSFIR(BT);H=GAUSSFIR(BT,NT);H=GAUSSFIR(BT,NT,OF);h = gaussfir(BT,NT,OF)"
gausswin,Spectral Analysis,function,"GAUSSWIN(N);GAUSSWIN(N, ALPHA);gausswin(N)"
genplotdata,unlisted,function,"[PD,MSG] = GENPLOTDATA(H,W,S)"
getinterpfrequencies,unlisted,function,"[UPN_OR_W, UPFACTOR, ISWHOLERANGE] = GETINTERPFREQUENCIES(N_OR_W, VARARGIN)"
getTranslatedString,unlisted,function,
getTranslatedStringcell,unlisted,function,
gmonopuls,Signal Generation and Preprocessing,function,"Y = GMONOPULS(T,FC);TC = GMONOPULS('cutoff',FC);tc = gmonopuls('cutoff', fc);y = gmonopuls(t,fc)"
goertzel,Transforms,function,"GOERTZEL(X,INDVEC);GOERTZEL(X,[],DIM);GOERTZEL(X,INDVEC,DIM);X = goertzel(x,indxs)"
grpdelay,Digital Filter Analysis,function,"[Gd,W] = GRPDELAY(B,A,N);[Gd,W] = GRPDELAY(SOS,N);[Gd,W] = GRPDELAY(D,N);[Gd,W] = GRPDELAY(...,N,'whole');[Gd,F] = GRPDELAY(...,N,Fs);[Gd,F] = GRPDELAY(...,N,'whole',Fs);Gd = GRPDELAY(...,W);Gd = GRPDELAY(..,F,Fs);GRPDELAY(...);grpdelay(b);grpdelay(b,a,512,'whole');grpdelay(SOS);grpdelay(D,2048)"
hamming,Spectral Analysis,function,"HAMMING(N);HAMMING(N,SFLAG);hamming(L)"
hampel,Digital Filtering,function,"Y = HAMPEL(X);Y = HAMPEL(X,K);Y = HAMPEL(X,K,NSIGMA);[Y,I] = HAMPEL(...);[Y,I,XMEDIAN,XSIGMA] = HAMPEL(...);HAMPEL(...);hampel(x);[y,i,xmedian,xsigma] = hampel(x)"
hann,Spectral Analysis,function,"HANN(N);HANN(N,SFLAG);hann(L)"
hanning,Spectral Analysis,function,"HANNING(N);HANNING(N,'symmetric');HANNING(N,'periodic')"
highpass,Digital Filtering,function,"Y = HIGHPASS(X,Wpass);Y = HIGHPASS(X,Fpass,Fs);YT = HIGHPASS(XT,Fpass);HIGHPASS(...,'Steepness',S);HIGHPASS(...,'StopbandAttenuation',A);HIGHPASS(...,'ImpulseResponse',R);[Y,D] = HIGHPASS(...);HIGHPASS(...);highpass(x,150,Fs);highpass(x,0.3);[y1, D1] = highpass(x,300,Fs,Steepness=0.5);[y2, D2] = highpass(x,300,Fs,Steepness=0.8);[y3, D3] = highpass(x,300,Fs,Steepness=0.95)"
hilbert,Transforms,function,"X = HILBERT(Xr);HILBERT(Xr,N);X = hilbert(Xr)"
icceps,Transforms,function,"ICCEPS(XHAT,ND);icceps(xh,nd)"
idct,GPU-accelerated signal processing functions,function,"X = IDCT(Y);X = IDCT(Y,N);X = IDCT(Y,[],DIM);X = IDCT(Y,N,DIM);X = IDCT(...,'Type',K);z = idct(y)"
ifsst,Time-Frequency Analysis,function,"XREC = IFSST(SST);XREC = IFSST(SST,WINDOW);XREC = IFSST(SST,WINDOW,F,FREQRANGE);XREC = IFSST(SST,WINDOW,IRIDGE);XREC = IFSST(SST,WINDOW,IRIDGE,'NumFrequencyBins',NBINS);xrec = ifsst(sst,[],iridge);xrec = ifsst(sst)"
ifwht,Transforms,function,"Y = IFWHT(X);Y = IFWHT(X,N);Y = IFWHT(X,N,ORDERING);xHat = ifwht(y)"
impinvar,Analog Filters,function,"[BZ,AZ] = IMPINVAR(B,A,Fs);[BZ,AZ] = IMPINVAR(B,A,Fs,TOL);[bz,az] = impinvar(b,a,10)"
impz,Digital Filter Analysis,function,"[H,T] = IMPZ(B,A);[H,T] = IMPZ(SOS);[H,T] = IMPZ(D);[H,T] = IMPZ(...,N);[H,T] = IMPZ(...,N,Fs);[H,T] = IMPZ(...,[],Fs);IMPZ(...);impz(b);impz(b,a);impz(SOS);impz(D,256)"
impzlength,Digital Filter Analysis,function,"L = IMPZLENGTH(B,A);L = IMPZLENGTH(SOS);L = IMPZLENGTH(D);L = IMPZLENGTH(...,TOL);impzlength(b);impzlength(b,a);impzlength(SOS);impzlength(D)"
instbw,Spectral Analysis,function,"IBW = INSTBW(X,Fs);IBW = INSTBW(X,Ts);IBW = INSTBW(X,Tv);IBW = INSTBW(TT);IBW = INSTBW(TFD,F,T);IBW = INSTBW(...,'FrequencyLimits',FLIMS);IBW = INSTBW(...,'ScaleFactor',SCALE);[IBW,T] = INSTBW(...);INSTBW(...);instbw(tfRandSignalTT);instbw(P,F,T)"
instfreq,Spectral Analysis,function,"IFREQ = INSTFREQ(X,Fs);IFREQ = INSTFREQ(X,Ts);IFREQ = INSTFREQ(X,Tv);IFREQ = INSTFREQ(TT);IFREQ = INSTFREQ(TFD,F,T);IFREQ = INSTFREQ(...,'Method',M);IFREQ = INSTFREQ(...,'FrequencyLimits',FLIMS);[IFREQ,T] = INSTFREQ(...);INSTFREQ(...);instfreq(xTable);instfreq(P,F,T);instfreq(y,Fs);instfreq(y,Fs,'Method','hilbert')"
interp,Multirate Signal Processing,function,"Y = INTERP(X,R);Y = INTERP(X,R,N,CUTOFF);[Y,B] = INTERP(X,R,N,CUTOFF);y = interp(x,4)"
intfilt,Digital Filter Design,function,"B = INTFILT(L,P,ALPHA);B = INTFILT(L,N,'Lagrange');b1 = intfilt(5,10,1);b2 = intfilt(5,10,.8)"
invfreqs,Signal Modeling,function,"[B,A] = INVFREQS(H,W,nb,na);[B,A]=INVFREQS(H,W,nb,na,Wt);[B,A] = INVFREQS(H,W,nb,na,Wt,ITER);[B,A]=INVFREQS(H,W,nb,na,Wt,ITER,TOL);[B,A]=INVFREQS(H,W,nb,na,Wt,ITER,TOL,'trace');[B,A] = INVFREQS(H,W,'complex',NB,NA,...);[bb,aa] = invfreqs(h,w,4,5);[bbb,aaa] = invfreqs(h,w,4,5,[],30)"
invfreqz,Signal Modeling,function,"[B,A] = INVFREQZ(H,W,NB,NA);[B,A] = INVFREQZ(H,W,NB,NA,Wt);[B,A] = INVFREQZ(H,W,NB,NA,Wt,ITER);[B,A]=INVFREQZ(H,W,NB,NA,Wt,ITER,TOL);[B,A] = INVFREQZ(H,W,NB,NA,Wt,ITER,TOL,'trace');[B,A] = INVFREQZ(H,W,'complex',NB,NA,...);[b1,a1] = invfreqz(h,w,4,5);[b2,a2] = invfreqz(h,w,4,5,[],30)"
is2rc,Signal Modeling,function,K = IS2RC(INV_SIN);k = is2rc(isin)
isallpass,Digital Filter Analysis,function,"FLAG = ISALLPASS(B,A);FLAG = ISALLPASS(SOS);FLAG = ISALLPASS(D);FLAG = ISALLPASS(...,TOL);flag_isallpass1 = isallpass(b,a);flag_isallpass = isallpass(b,a);flag_isallpass = isallpass(SOS)"
iscola,Time-Frequency Analysis,function,"tf = ISCOLA(window,noverlap);tf = ISCOLA(...,method);[tf,m] = ISCOLA(...);[tf,m,maxDeviation] = ISCOLA(...);tf = iscola(window,noverlap,method);[tf,m,maxDeviation] = iscola(window,noverlap)"
islinphase,Digital Filter Analysis,function,"FLAG = ISLINPHASE(B,A);FLAG = ISLINPHASE(SOS);FLAG = ISLINPHASE(D);FLAG = ISLINPHASE(...,TOL);flag = islinphase(SOS);flag = islinphase(b)"
ismaxphase,Digital Filter Analysis,function,"FLAG = ISMAXPHASE(B,A);FLAG = ISMAXPHASE(SOS);FLAG = ISMAXPHASE(D);FLAG = ISMAXPHASE(...,TOL);max_flag = ismaxphase(bmax);max_flag1 = ismaxphase(b,a);max_flag2 = ismaxphase(b,a,1e-3);max_flag = ismaxphase(SOS)"
isminphase,Digital Filter Analysis,function,"FLAG = ISMINPHASE(B,A);FLAG = ISMINPHASE(SOS);FLAG = ISMINPHASE(D);FLAG = ISMINPHASE(...,TOL);min_flag = isminphase(bmin);min_flag1 = isminphase(b,a);min_flag2 = isminphase(b,a,1e-3);min_flag = isminphase(SOS)"
isstable,Digital Filter Analysis,function,"FLAG = ISSTABLE(B,A);FLAG = ISSTABLE(SOS);FLAG = ISSTABLE(D);flag = isstable(b,a);act_flag1 = isstable(b,a);act_flag2 = isstable(single(b),single(a));flag = isstable(SOS)"
istft,Time-Frequency Analysis,function,"X = ISTFT(S);X = ISTFT(S,Fs);X = ISTFT(S,Ts);X = ISTFT(...,'Window',WINDOW);X = ISTFT(...,'OverlapLength',NOVERLAP);X = ISTFT(...,'FFTLength',NFFT);X = ISTFT(...,'Method',METHOD);X = ISTFT(...,'ConjugateSymmetric',CONJUGATESYMMETRIC);X = ISTFT(...,'FrequencyRange',FREQRANGE);X = ISTFT(...,'InputTimeDimension',TIMEDIMENSION);[X,T] = ISTFT(...);[X,T] = istft(S,fs,'Window',win,'OverlapLength',75)"
kaiser,Spectral Analysis,function,"W = KAISER(N);W = KAISER(N,BTA);w = kaiser(200,2.5)"
kaiserord,Digital Filter Design,function,"[N,Wn,BTA,FILTYPE] = KAISERORD(F,A,DEV,Fs);C = KAISERORD(F,A,DEV,Fs,'cell');[n,Wn,bta,filtype] = kaiserord([1500 2000], [1 0], [0.01 0.1], 8000);c = kaiserord([1500 2000], [1 0], [0.01 0.1], 8000, 'cell')"
kratio,unlisted,function,"KRATIO(m,krat)"
kurtogram,Time-Frequency Analysis,function,"KGRAM = KURTOGRAM(X);KGRAM = KURTOGRAM(X, Fs);KGRAM = KURTOGRAM(X, Ts);KGRAM = KURTOGRAM(X, Tv);KGRAM = KURTOGRAM(..., LEVEL);[KGRAM, F, W, FC, WC, BW] = KURTOGRAM(...);KURTOGRAM(...);kurtogram(x);kurtogram(xt);kurtogram(x, fs, level);kurtogram(x, fs)"
lar2rc,Signal Modeling,function,K = LAR2RC(G);k = lar2rc(g)
latc2tf,Digital Filtering,function,"[NUM,DEN] = LATC2TF(K,V);[NUM,DEN] = LATC2TF(K,'allpole');[NUM,DEN] = LATC2TF(K,'allpass');NUM = LATC2TF(K);NUM = LATC2TF(K,'fir');NUM = LATC2TF(K,'min');NUM = LATC2TF(K,'max');bmax = latc2tf(k,'max')"
latcfilt,Digital Filtering,function,"[F,G] = LATCFILT(K,X);[F,G,Zf] = LATCFILT(K,X,'ic',Zi);[F,G] = LATCFILT(K,1,X);[F,G,Zf] = LATCFILT(K,1,X,'ic',Zi);[F,G] = LATCFILT(K,V,X);[F,G,Zf] = LATCFILT(K,V,X,'ic',Zi);[F,G,Zf] = LATCFILT(K,V,X,'ic',Zi,DIM);[f,g]=latcfilt([1/2 1],x)"
levinson,Signal Modeling,function,"A = LEVINSON(R,N);[A,E] = LEVINSON(...);[A,E,K] = LEVINSON(...);ar = levinson(r,numel(a)-1)"
local_max,unlisted,function,k = local_max(x)
lowpass,Digital Filtering,function,"Y = LOWPASS(X,Wpass);Y = LOWPASS(X,Fpass,Fs);YT = LOWPASS(XT,Fpass);LOWPASS(...,'Steepness',S);LOWPASS(...,'StopbandAttenuation',A);LOWPASS(...,'ImpulseResponse',R);[Y,D] = LOWPASS(...);LOWPASS(...);lowpass(x,150,Fs);lowpass(x,0.3);[y1, D1] = lowpass(x,300,Fs,Steepness=0.5);[y2, D2] = lowpass(x,300,Fs,Steepness=0.8);[y3, D3] = lowpass(x,300,Fs,Steepness=0.95)"
lp2bp,Analog Filters,function,"[NUMT,DENT] = LP2BP(NUM,DEN,Wo,Bw);[AT,BT,CT,DT] = LP2BP(A,B,C,D,Wo,Bw);[num,den] = lp2bp(b,a,Wo,Bw)"
lp2bs,Analog Filters,function,"[NUMT,DENT] = LP2BS(NUM,DEN,Wo,Bw);[AT,BT,CT,DT] = LP2BS(A,B,C,D,Wo,Bw);[num,den] = lp2bs(b,a,Wo,Bw)"
lp2hp,Analog Filters,function,"[NUMT,DENT] = LP2HP(NUM,DEN,Wo);[AT,BT,CT,DT] = LP2HP(A,B,C,D,Wo);[num,den] = lp2hp(b,a,Wo)"
lp2lp,Analog Filters,function,"[NUMT,DENT] = LP2LP(NUM,DEN,Wo);[AT,BT,CT,DT] = LP2LP(A,B,C,D,Wo);[num,den] = lp2lp(b,a,Wo)"
lpc,Signal Modeling,function,"A = LPC(X,N);[A,E] = LPC(X,N);a = lpc(x,3)"
lsf2poly,Signal Modeling,function,A = LSF2POLY(LSF);a = lsf2poly(lsf)
marcumq,Signal Generation and Preprocessing,function,"MARCUMQ(A,B,M);MARCUMQ(A,B);y = marcumq(10,20)"
maxflat,Digital Filter Design,function,"[B,A] = MAXFLAT(NB,NA,Wn);B = MAXFLAT(NB,'sym',Wn);[B,A,B1,B2] = MAXFLAT(NB,NA,Wn);[B,A,B1,B2] = MAXFLAT(NB,'sym',Wn);[B,A,B1,B2,SOS,G] = MAXFLAT(NB,NA,Wn);MAXFLAT(NB,NA,Wn,'trace');MAXFLAT(NB,NA,Wn,'plots');[b,a,b1,b2] = maxflat(NB,NA,Wn);h = maxflat(NB,'sym',Wn)"
meanfreq,Measurements and Feature Extraction,function,"FREQ = MEANFREQ(X);FREQ = MEANFREQ(X, Fs);FREQ = MEANFREQ(Pxx, F);FREQ = MEANFREQ(Sxx, F, RBW);FREQ = MEANFREQ(..., FREQRANGE);[FREQ,POWER] = MEANFREQ(...);MEANFREQ(...);meanfreq(x,Fs);meanfreq(Pxx,F)"
medfilt1,Digital Filtering,function,"Y = MEDFILT1(X);Y = MEDFILT1(X,N);Y = MEDFILT1(...,MISSING);Y = MEDFILT1(...,PADDING);Y = MEDFILT1(X,N,BLKSZ,DIM);MEDFILT1(X,N,[],DIM);y = medfilt1(x,10)"
medfreq,Measurements and Feature Extraction,function,"FREQ = MEDFREQ(X);FREQ = MEDFREQ(X, Fs);FREQ = MEDFREQ(Pxx, F);FREQ = MEDFREQ(Sxx, F, RBW);FREQ = MEDFREQ(..., FREQRANGE);[FREQ,PWR] = MEDFREQ(...);MEDFREQ(...);medfreq(x,Fs);medfreq(Pxx,F)"
mergesigroi,Measurements and Feature Extraction,function,"ROILIMSOUT = mergesigroi(ROILIMS,S);roiMatrixMerged = mergesigroi(roiMatrix,5);roiMatrix = mergesigroi(roiMatrix,0)"
midcross,Measurements and Feature Extraction,function,"C = MIDCROSS(X);C = MIDCROSS(X,Fs);C = MIDCROSS(X,T);C = MIDCROSS(...,'Tolerance',TOL);C = MIDCROSS(...,'MidPercentReferenceLevel',L);C = MIDCROSS(...,'StateLevels',SL);[C, MIDLEV] = MIDCROSS(...);MIDCROSS(...);midcross(x, t);y = midcross(x, 4e6)"
modalfit,Vibration Analysis,function,"FN = MODALFIT(FRF,F,Fs,MNUM);FN = MODALFIT(FRF,F,Fs,MNUM,...,'FitMethod',FM);FN = MODALFIT(FRF,F,Fs,MNUM,...,'FitMethod','lsrf','Feedthrough', FT);FN = MODALFIT(FRF,F,Fs,MNUM,...'FreqRange',FR);[FN,DR] = MODALFIT(FRF,F,Fs,MNUM,...);[FN,DR,MS] = MODALFIT(FRF,F,Fs,MNUM,...);[FN,DR,MS] = MODALFIT(FRF,F,Fs,MNUM,...,'PhysFreq',PF);[FN,DR,MS] = MODALFIT(FRF,F,Fs,MNUM,...,'DriveIndex',DI);[FN,DR,MS,OFRF] = MODALFIT(FRF,F,Fs,MNUM,...);[FN, DR, MS, OFRF] = MODALFIT(SYS, F, MNUM, ...);fn = modalfit(FRF,f,fs,2,'FitMethod','PP');modalfit(FRF,f,fs,2,'FitMethod','PP');[fn,dr,ms] = modalfit(FRF,f,fs,6,'PhysFreq',fn(6,1:3));[fn,dr,ms,ofrf] = modalfit(FRF,f,fs,24,'FitMethod','lsrf')"
modalfrf,Vibration Analysis,function,"FRF = MODALFRF(X,Y,Fs,WINDOW);FRF = MODALFRF(X,Y,Fs,WINDOW,NOVERLAP);FRF = MODALFRF(X,Y,...,'Measurement',MT);FRF = MODALFRF(X,Y,...,'Sensor',SE);FRF = MODALFRF(X,Y,...,'Estimator',ES);FRF = MODALFRF(X,Y,...,'Order', NX);FRF = MODALFRF(X,Y,...,'Feedthrough', FT);[FRF,F] = MODALFRF(X,Y,Fs,...);[FRF,F,COH] = MODALFRF(X,Y,Fs,...);MODALFRF(X,Y,Fs,...);[FRF,F] = MODALFRF(SYS);[FRF, F] = MODALFRF(SYS, F);[FRF, F] = MODALFRF(SYS,..., 'Sensor', SE);modalfrf(Xhammer(:),Yhammer(:),fs,winlen,'Sensor','dis');[FRF,f] = modalfrf(X,Y,fs,1000,'Estimator','subspace','Order',36)"
modalsd,Vibration Analysis,function,"MODALSD(FRF,F,Fs);MODALSD(FRF,F,Fs,...,'MaxModes',MM);MODALSD(FRF,F,Fs,...,'FreqRange',FR);MODALSD(FRF,F,Fs,...,'SCriteria',SC);FN = MODALSD(FRF,F,Fs,...,'FitMethod', FM);FN = MODALSD(FRF,F,Fs,...);modalsd(FRF,f,fs,'MaxModes',20,'FitMethod','lsrf');fn = modalsd(FRF,f,fs,'MaxModes',30)"
modulate,Signal Generation and Preprocessing,function,"Y = MODULATE(X,Fc,Fs,METHOD,OPT);[Y,T] = MODULATE(...);y = modulate(s,3e3,Fs,'fm',0.1)"
mscohere,Spectral Analysis,function,"Cxy = MSCOHERE(X,Y);MSCOHERE(X(:,n),Y(:,n));Cxy = MSCOHERE(X,Y,WINDOW);Cxy = MSCOHERE(X,Y,WINDOW,NOVERLAP);[Cxy,W] = MSCOHERE(X,Y,WINDOW,NOVERLAP,NFFT);[Cxy,W] = MSCOHERE(X,Y,WINDOW,NOVERLAP,W);[Cxy,F] = MSCOHERE(X,Y,WINDOW,NOVERLAP,NFFT,Fs);[Cxy,F] = MSCOHERE(X,Y,WINDOW,NOVERLAP,F,Fs);[...] = MSCOHERE(...,'mimo');[...] = MSCOHERE(...,FREQRANGE);MSCOHERE(...);mscohere(x,y,hann(nfft),noverlap,nfft);mscohere(x,y,hann(nfft),noverlap,nfft,'mimo')"
nuttallwin,Spectral Analysis,function,"NUTTALLWIN(N);NUTTALLWIN(N,SFLAG);w = nuttallwin(N)"
obw,Measurements and Feature Extraction,function,"BW = OBW(X);BW = OBW(X, Fs);BW = OBW(Pxx, F);BW = OBW(Sxx, F, RBW);BW = OBW(...,FREQLIMS);BW = OBW(...,FREQLIMS,P);[BW, Flo, Fhi] = OBW(...);[BW, Flo, Fhi, POWER] = OBW(...);OBW(...);obw(x,Fs)"
orderspectrum,Vibration Analysis,function,"SPEC = ORDERSPECTRUM(X,Fs,RPM);[SPEC,ORDER] = ORDERSPECTRUM(X,Fs,RPM);[...] = ORDERSPECTRUM(MAP,ORDER);[...] = ORDERSPECTRUM(MAP,ORDER,'Amplitude',AMP);ORDERSPECTRUM(...);orderspectrum(vib,fs,rpm);orderspectrum(map,order)"
ordertrack,Vibration Analysis,function,"MAG = ORDERTRACK(X,Fs,RPM,ORDERLIST);[MAG,RPM,TIME] = ORDERTRACK(X,Fs,RPM,ORDERLIST);[...] = ORDERTRACK(MAP,ORDER,RPM,TIME,ORDERLIST);[...] = ORDERTRACK(X,Fs,RPM,ORDERLIST,RPMREFIDX);[...] = ORDERTRACK(X,Fs,RPM,ORDERLIST,...,'Amplitude',AMP);[...] = ORDERTRACK(X,Fs,RPM,ORDERLIST,...,'Scale',SCALE);[...] = ORDERTRACK(X,Fs,RPM,ORDERLIST,RPMREFIDX,...,'Bandwidth',BW);[...] = ORDERTRACK(X,Fs,RPM,ORDERLIST,RPMREFIDX,...,'Decouple',DC);[...] = ORDERTRACK(X,Fs,RPM,ORDERLIST,RPMREFIDX,...,'SegmentLength',SL);ORDERTRACK(...);ordertrack(map,order,rpmOut,time,[0.052 0.066 0.264]);ordertrack(x,Fs,rpm,[1 0.5 4 6]);ordertrack(map,order,rpmOut,timeOut,orderlist)"
orderwaveform,Vibration Analysis,function,"XREC = ORDERWAVEFORM(X,Fs,RPM,ORDERLIST);XREC = ORDERWAVEFORM(X,Fs,RPM,ORDERLIST,RPMREFIDX);XREC = ORDERWAVEFORM(X,Fs,RPM,ORDERLIST,...,'Bandwidth',BW);XREC = ORDERWAVEFORM(X,Fs,RPM,ORDERLIST,...,'FilterOrder',FO);XREC = ORDERWAVEFORM(X,Fs,RPM,ORDERLIST,...,'Decouple',DC);XREC = ORDERWAVEFORM(X,Fs,RPM,ORDERLIST,...,'SegmentLength',SL);xrec = orderwaveform(vib,fs,rpm,[0.052 0.066 0.264]);xrec = orderwaveform(x,Fs,rpm,4);xrec = orderwaveform(x,Fs,rpm,4,'SegmentLength',1001)"
overshoot,Measurements and Feature Extraction,function,"OS = OVERSHOOT(X);OS = OVERSHOOT(X,Fs);OS = OVERSHOOT(X,T);OS = OVERSHOOT(...,'Region',REGION);OS = OVERSHOOT(...,'SeekFactor',FACTOR);OS = OVERSHOOT(...,'Tolerance',TOL);OS = OVERSHOOT(...,'PercentReferenceLevels',PRL);OS = OVERSHOOT(...,'StateLevels',SL);[OS,OSLEV,OSINST] = OVERSHOOT(...);OVERSHOOT(...);overshoot(x, t);y = overshoot(x, 4e6)"
parzenwin,Spectral Analysis,function,PARZENWIN(N);parzenwin(64)
pburg,Spectral Analysis,function,"Pxx = PBURG(X,ORDER);Pxx = PBURG(X,ORDER,NFFT);[Pxx,W] = PBURG(X,ORDER,NFFT);[Pxx,W] = PBURG(X,ORDER,W);[Pxx,F] = PBURG(X,ORDER,NFFT,Fs);[Pxx,F] = PBURG(X,ORDER,F,Fs);[...] = PBURG(...,FREQRANGE);[Pxx,F,Pxxc] = PBURG(...,'ConfidenceLevel',P);PBURG(...);pburg(y,4,[],1000)"
pcov,Spectral Analysis,function,"Pxx = PCOV(X,ORDER);Pxx = PCOV(X,ORDER,NFFT);[Pxx,W] = PCOV(X,ORDER,NFFT);[Pxx,W] = PCOV(X,ORDER,W);[Pxx,F] = PCOV(X,ORDER,NFFT,Fs);[Pxx,F] = PCOV(X,ORDER,F,Fs);[...] = PCOV(...,FREQRANGE);[Pxx,F,Pxxc] = PCOV(...,'ConfidenceLevel',P);PCOV(...);pcov(y,4,[],1000)"
peak2peak,Measurements and Feature Extraction,function,"PEAK2PEAK(X);Y = PEAK2PEAK(X,DIM);y = peak2peak(x);y = peak2peak(x, 1);y = peak2peak(x, 2)"
peak2rms,Measurements and Feature Extraction,function,"PEAK2RMS(X);Y = PEAK2RMS(X,DIM);y = peak2rms(x);y = peak2rms(x, 1);y = peak2rms(x, 2)"
peig,Spectral Analysis,function,"S = PEIG(X,P);S = PEIG(R,P,'corr');S = PEIG(X,P,NFFT);[S,W] = PEIG(...);[S,W] = PEIG(X,P,W);[S,F] = PEIG(...,Fs);[S,F] = PEIG(X,P,F,Fs);[S,F] = PEIG(...,NW,NOVERLAP);[...] = PEIG(...,FREQRANGE);[S,W,V,E] = PEIG(...);PEIG(...);peig(X,3,'whole');peig(X2,4,'whole')"
pentropy,Time-Frequency Analysis,function,"SE = pentropy(XT);SE = pentropy(X, Fs);SE = pentropy(X, Ts);SE = pentropy(X, Tv);SE = pentropy(P, F, Tv);SE = pentropy(P, F, Ts);[...] = pentropy(..., 'Name1', Value1, 'Name2', Value2, ...);[SE, T] = pentropy(...);pentropy(...);[SE, T] = pentropy(X, Fs);SE = pentropy(P, F, T);pentropy(x, Fs)"
periodogram,Spectral Analysis,function,"Pxx = PERIODOGRAM(X);Pxx = PERIODOGRAM(X,WINDOW);Pxx = PERIODOGRAM(X,WINDOW,...,SPECTRUMTYPE);[Pxx,W] = PERIODOGRAM(X,WINDOW,NFFT);[Pxx,W] = PERIODOGRAM(X,WINDOW,W);[Pxx,F] = PERIODOGRAM(X,WINDOW,NFFT,Fs);[Pxx,F] = PERIODOGRAM(X,WINDOW,F,Fs);[...] = PERIODOGRAM(X,WINDOW,NFFT,...,FREQRANGE);[Pxx,F,Pxxc] = PERIODOGRAM(...,'ConfidenceLevel',P);[RPxx,F] = PERIODOGRAM(X,WINDOW,...,'reassigned');[RPxx,F,Pxx,Fc] = PERIODOGRAM(...,'reassigned');PERIODOGRAM(...);periodogram(x,[],'twosided',512,Fs);periodogram(x,[],512,Fs,'power','reassigned')"
phasedelay,Digital Filter Analysis,function,"[PHI,W] = PHASEDELAY(B,A,N);[PHI,W] = PHASEDELAY(SOS,N);[PHI,W] = PHASEDELAY(D,N);[PHI,W] = PHASEDELAY(...,N,'whole');[PHI,F] = PHASEDELAY(...,N,Fs);[PHI,F] =PHASEDELAY(...,N,'whole',Fs);PHI = PHASEDELAY(...,W);PHI = PHASEDELAY(..,F,Fs);PHASEDELAY(...);phasedelay(b);phasedelay(b,a);phasedelay(SOS);phasedelay(D,2048)"
phasez,Digital Filter Analysis,function,"[PHI,W] = PHASEZ(B,A,N);[PHI,W] = PHASEZ(SOS,N);[PHI,W] = PHASEZ(D,N);[PHI,W] = PHASEZ(...,N,'whole');PHI = PHASEZ(...,W);[PHI,F] = PHASEZ(...,N,Fs);[PHI,F] = PHASEZ(...,N,'whole',Fs);PHI = PHASEZ(...,F,Fs);PHASEZ(...);phasez(b);phasez(b,a,512,'whole');phasez(SOS);phasez(D,2048)"
pkurtosis,Time-Frequency Analysis,function,"SK = pkurtosis(X);SK = pkurtosis(XT);SK = pkurtosis(X, Fs);SK = pkurtosis(X, Ts);SK = pkurtosis(X, Tv);SK = pkurtosis(XT, WINDOW);SK = pkurtosis(X, WINDOW);SK = pkurtosis(X, T, WINDOW);SK = pkurtosis(S, Fs, F, WINDOW);SK = pkurtosis(S, Ts, F, WINDOW);SK = pkurtosis(S, Tv, F, WINDOW);[SK,F,THRESH] = pkurtosis(...);[...] = pkurtosis(...,'ConfidenceLevel', P);pkurtosis(...);pkurtosis(x, fs);pkurtosis(xt);pkurtosis(x, fs, w0);pkurtosis(S, fs, F, window)"
plomb,Spectral Analysis,function,"[P,F] = PLOMB(X,T);[P,F] = PLOMB(X,Fs);[P,F] = PLOMB(...,FMAX);[P,F] = PLOMB(...,FMAX,OFAC);[P,FVEC] = PLOMB(...,FVEC);[P,F] = PLOMB(...,SPECTRUMTYPE);[P,F,PTH] = PLOMB(...,'Pd',PDVEC);[P,W] = PLOMB(X);PLOMB(...);plomb(x,t,'normalized')"
pmcov,Spectral Analysis,function,"Pxx = PMCOV(X,ORDER);Pxx = PMCOV(X,ORDER,NFFT);[Pxx,W] = PMCOV(X,ORDER,NFFT);[Pxx,W] = PMCOV(X,ORDER,W);[Pxx,F] = PMCOV(X,ORDER,NFFT,Fs);[Pxx,F] = PMCOV(X,ORDER,F,Fs);[...] = PMCOV(...,FREQRANGE);[Pxx,F,Pxxc] = PMCOV(...,'ConfidenceLevel',P);PMCOV(...);pmcov(y,4,[],1000)"
pmem,unlisted,function,
pmtm,Spectral Analysis,function,"Pxx = PMTM(X);Pxx = PMTM(X,'Tapers',TYPE);Pxx = PMTM(X,NW);Pxx = PMTM(X,M,'Tapers','sine');Pxx = PMTM(...,NFFT);[Pxx,W] = PMTM(...,NFFT);[Pxx,W] = PMTM(...,W);[Pxx,F] = PMTM(...,NFFT,Fs);[Pxx,F] = PMTM(...,F,Fs);[Pxx,F,Pxxc] = PMTM(...,'ConfidenceLevel',P);[...] = PMTM(...,FREQRANGE);PMTM(...);[Pxx,F] = PMTM(...,'DropLastTaper',DROPFLAG);[Pxx,F] = PMTM(...,Fs,METHOD);[Pxx,F] = PMTM(X,E,V,NFFT,Fs,METHOD);[Pxx,F] = PMTM(X,DPSS_PARAMS,NFFT,Fs,METHOD);PMTM(x,{3.5,'trace'},512,1000);pmtm(x,3.5,[],Fs);pmtm(x,5,[],Fs,'Tapers','sine')"
pmusic,Spectral Analysis,function,"S = PMUSIC(X,P);S = PMUSIC(R,P,'corr');S = PMUSIC(X,P,NFFT);[S,W] = PMUSIC(...);[S,W] = PMUSIC(X,P,W);[S,F] = PMUSIC(...,Fs);[S,F] = PMUSIC(X,P,F,Fs);[S,F] = PMUSIC(...,NW,NOVERLAP);[...] = PMUSIC(...,FREQRANGE);[S,W,V,E] = PMUSIC(...);PMUSIC(...);pmusic(X,3,'whole');pmusic(X2,4,'whole')"
poctave,Spectral Analysis,function,"P = POCTAVE(X,Fs);P = POCTAVE(XT);P = POCTAVE(Pxx,Fs,F);P = POCTAVE(...,TYPE);P = POCTAVE(...,'BandsPerOctave',B);P = POCTAVE(...,'FilterOrder',N);P = POCTAVE(...,'FrequencyLimits',FLIMS);P = POCTAVE(...,'Weighting',FWeight);P = POCTAVE(...,'MinThreshold',THRESH);P = POCTAVE(...,'WindowLength', WINLENGTH);P = POCTAVE(...,'OverlapPercent',OP);[P,CF] = POCTAVE(...);[P,CF,T] = POCTAVE(...);POCTAVE(...);poctave(xInp,Fs,'FrequencyLimits',[120 20E3],'FilterOrder',8)"
poly2ac,Signal Modeling,function,"R=POLY2AC(A,Efinal);r = poly2ac(a,efinal)"
poly2lsf,Signal Modeling,function,LSF = POLY2LSF(A);lsf = poly2lsf(a)
poly2rc,Signal Modeling,function,"K = POLY2RC(A);[K,R0] = POLY2RC(A,Efinal);[k,r0] = poly2rc(a,efinal)"
polyscale,Digital Filter Design,function,"POLYSCALE(A,SCALE);Ax = polyscale(Ao,.85)"
polystab,Digital Filter Design,function,POLYSTAB(A);hmin = polystab(h);polystab(h)
pow2db,Spectral Analysis,function,YDB = POW2DB(Y);y1 = pow2db(2000/2)
powerbw,Measurements and Feature Extraction,function,"BW = POWERBW(X);BW = POWERBW(X, Fs);BW = POWERBW(Pxx, F);BW = POWERBW(Sxx, F, RBW);BW = POWERBW(...,FREQLIMS);BW = POWERBW(...,FREQLIMS,R);[BW, Flo, Fhi] = POWERBW(...);[BW, Flo, Fhi, POWER] = POWERBW(...);POWERBW(...);powerbw(x,Fs)"
prony,Signal Modeling,function,"[B, A] = PRONY(H, NB, NA);[Num,Den] = prony(impulseResp,numOrder,denOrder)"
psd,unlisted,function,
psdoptions,unlisted,function,
pspectrum,Spectral Analysis,function,"P = PSPECTRUM(X);P = PSPECTRUM(X,Fs);P = PSPECTRUM(X,Ts);P = PSPECTRUM(X,Tv);P = PSPECTRUM(...,TYPE);P = PSPECTRUM(...,'TwoSided',VAL);P = PSPECTRUM(...,'FrequencyLimits',FLIMS);P = PSPECTRUM(...,'Leakage',LKG);P = PSPECTRUM(...,'MinThreshold',THRESH);P = PSPECTRUM(...,'FrequencyResolution',FRES);P = PSPECTRUM(...,'Reassign',VAL);P = PSPECTRUM(...,'TimeResolution',TRES);P = PSPECTRUM(...,'OverlapPercent',OP);P = PSPECTRUM(...,'NumPowerBins',NPB);[P,F] = PSPECTRUM(...);[P,F,T] = PSPECTRUM(...);[P,F,PWR] = PSPECTRUM(...);PSPECTRUM(...);pspectrum(xTable);pspectrum(xTable,'FrequencyResolution',25);pspectrum(x,Fs,'Leakage',0);pspectrum(x,Fs,'Leakage',1);pspectrum(y,Fs,'spectrogram');pspectrum(y,Fs,'spectrogram','Reassign',true);pspectrum(y,Fs,'spectrogram','TimeResolution',0.1);pspectrum(yTable,'spectrogram');pspectrum(yTable,'persistence');pspectrum(xTable,'FrequencyLimits',[100,290]);pspectrum(xTable,'spectrogram','FrequencyLimits',[100,290],'TimeResolution',1);pspectrum(xTable,'persistence','FrequencyLimits',[100,290],'TimeResolution',1)"
pulseperiod,Measurements and Feature Extraction,function,"P = PULSEPERIOD(X);P = PULSEPERIOD(X,Fs);P = PULSEPERIOD(X,T);P = PULSEPERIOD(...,'Polarity',POL);P = PULSEPERIOD(...,'Tolerance',TOL);P = PULSEPERIOD(...,'MidPercentReferenceLevel',L);P = PULSEPERIOD(..., 'StateLevels', SL);[P,INITCROSS] = PULSEPERIOD(...);[P,INITCROSS,FINALCROSS] = PULSEPERIOD(...);[P,INITCROSS,FINALCROSS,NEXTCROSS] = PULSEPERIOD(...);[P,INITCROSS,FINALCROSS,NEXTCROSS,MIDLEV] = PULSEPERIOD(...);PULSEPERIOD(...);pulseperiod(x, t);y = pulseperiod(x, 4e6)"
pulsesep,Measurements and Feature Extraction,function,"S = PULSESEP(X);S = PULSESEP(X,Fs);S = PULSESEP(X,T);S = PULSESEP(...,'Polarity',POL);S = PULSESEP(...,'Tolerance', TOL);S = PULSESEP(...,'MidPercentReferenceLevel',L);S = PULSESEP(...,'StateLevels',SL);[S,INITCROSS] = PULSESEP(...);[S,INITCROSS,FINALCROSS] = PULSESEP(...);[S,INITCROSS,FINALCROSS,NEXTCROSS] = PULSESEP(...);[S,INITCROSS,FINALCROSS,NEXTCROSS,MIDLEV] = PULSESEP(...);PULSESEP(...);pulsesep(x, t);y = pulsesep(x, 4e6)"
pulsewidth,Measurements and Feature Extraction,function,"W = PULSEWIDTH(X);W = PULSEWIDTH(X,Fs);W = PULSEWIDTH(X,T);W = PULSEWIDTH(...,'Polarity',POL);W = PULSEWIDTH(...,'Tolerance',TOL);W = PULSEWIDTH(...,'MidPercentReferenceLevel',L);W = PULSEWIDTH(...,'StateLevels',SL);[W,INITCROSS] = PULSEWIDTH(...);[W,INITCROSS,FINALCROSS] = PULSEWIDTH(...);[W,INITCROSS,FINALCROSS,MIDLEV] = PULSEWIDTH(...);PULSEWIDTH(...);pulsewidth(x, t);y = pulsewidth(x, 4e6)"
pulstran,Signal Generation and Preprocessing,function,"Y=PULSTRAN(T,D,'func');Y=PULSTRAN(T,D,@func);PULSTRAN(T,D,'func');PULSTRAN(T,D,'func',P1,P2,...);PULSTRAN(T,D,P,FS);PULSTRAN(T,D,P);PULSTRAN(..., 'method');Y = pulstran(T,D,'tripuls',0.1,-1);Y = pulstran(T,D,@gauspuls,10E3,.5)"
pwelch,Spectral Analysis,function,"Pxx = PWELCH(X);Pxx = PWELCH(X,WINDOW);Pxx = PWELCH(X,WINDOW,...,SPECTRUMTYPE);Pxx = PWELCH(X,WINDOW,NOVERLAP);[Pxx,W] = PWELCH(X,WINDOW,NOVERLAP,NFFT);[Pxx,W] = PWELCH(X,WINDOW,NOVERLAP,W);[Pxx,F] = PWELCH(X,WINDOW,NOVERLAP,NFFT,Fs);[Pxx,F] = PWELCH(X,WINDOW,NOVERLAP,F,Fs);[Pxx,F,Pxxc] = PWELCH(...,'ConfidenceLevel',P);[...] = PWELCH(...,FREQRANGE);[...] = PWELCH(...,TRACE);PWELCH(...);pwelch(x,[],[],[],Fs,'twosided')"
pyulear,Spectral Analysis,function,"Pxx = PYULEAR(X,ORDER);Pxx = PYULEAR(X,ORDER,NFFT);[Pxx,W] = PYULEAR(X,ORDER,NFFT);[Pxx,W] = PYULEAR(X,ORDER,W);[Pxx,F] = PYULEAR(X,ORDER,NFFT,Fs);[Pxx,F] = PYULEAR(X,ORDER,F,Fs);[...] = PYULEAR(...,FREQRANGE);[Pxx,F,Pxxc] = PYULEAR(...,'ConfidenceLevel',P);PYULEAR(...);pyulear(y,4,[],1000)"
rainflow,Vibration Analysis,function,"C = RAINFLOW(X);C = RAINFLOW(X,Fs);C = RAINFLOW(X,T);C = RAINFLOW(XT);C = RAINFLOW(...,'ext');[C,RM,RMR,RMM] = RAINFLOW(...);[C,RM,RMR,RMM,IDX] = RAINFLOW(...);RAINFLOW(...);[C,hist,edges] = rainflow(X,'ext');rainflow(TT)"
rc2ac,Signal Modeling,function,"R = RC2AC(K,R0);a = rc2ac(k,r0)"
rc2is,Signal Modeling,function,INV_SIN = RC2IS(K);isin = rc2is(k)
rc2lar,Signal Modeling,function,G = RC2LAR(K);g = rc2lar(k)
rc2poly,Signal Modeling,function,"A = RC2POLY(K);[A,Efinal] = RC2POLY(K,R0);a = rc2poly(k)"
rceps,Transforms,function,"RCEPS(X);[XHAT, YHAT] = RCEPS(X);[xhat,yhat] = rceps(y);xhat2 = rceps(yhat)"
rcosdesign,Digital Filter Design,function,"B = rcosdesign(BETA, SPAN, SPS);B = rcosdesign(BETA, SPAN, SPS, SHAPE);h = rcosdesign(0.25, 6, 4);h = rcosdesign(0.25, 6, sps)"
rectpuls,Signal Generation and Preprocessing,function,"RECTPULS(T);RECTPULS(-0.5);RECTPULS(0.5);RECTPULS(T,W);x2 = rectpuls(t,20e-3)"
rectwin,Spectral Analysis,function,W = RECTWIN(N);rectwin(L)
remez,unlisted,function,
remezord,unlisted,function,
removesigroi,Measurements and Feature Extraction,function,"ROILIMSOUT = removesigroi(ROILIMS,S);roiMatrixRemoved = removesigroi(roiMatrix,5)"
resample,Multirate Signal Processing,function,"Y = RESAMPLE(X,P,Q);[Y,Ty] = RESAMPLE(X,Tx);[Y,Ty] = RESAMPLE(X,Tx,Fs);[Y,Ty] = RESAMPLE(X,Tx,Fs,P,Q);[Y,Ty] = RESAMPLE(X,Tx,...,METHOD);Y = RESAMPLE(...,P,Q,N);Y = RESAMPLE(...,P,Q,N,BTA);Y = RESAMPLE(...,P,Q,B);[Y,B] = RESAMPLE(X,P,Q,...);[Y,Ty,B] = RESAMPLE(X,Tx,...);Y = RESAMPLE(...,'Dimension',DIM);[Y,B] = RESAMPLE(TT,...);y = resample(x,3,2);[y, ty] = resample(x, tx, Fs);y = resample(x,p,q,'Dimension',2);y = resample(x,2,1,'Dimension',2);yTT = resample(xTT,3,2)"
residuez,Digital Filtering,function,"[R,P,K] = RESIDUEZ(B,A);[B,A] = RESIDUEZ(R,P,K);[r,p] = residuez(num,den)"
risetime,Measurements and Feature Extraction,function,"R = RISETIME(X);R = RISETIME(X,Fs);R = RISETIME(X,T);R = RISETIME(...,'Tolerance',TOL);R = RISETIME(...,'PercentReferenceLevels',PRL);R = RISETIME(...,'StateLevels',SL);[R,LT,UT] = RISETIME(...);[R,LT,UT,LL,UL] = RISETIME(...);RISETIME(...);risetime(x, t);y = risetime(x, 4e6)"
rlevinson,Signal Modeling,function,"R=RLEVINSON(A,Efinal);[R,U]=RLEVINSON(...);[R,U,K]=RLEVINSON(...);[R,U,K,E]=RLEVINSON(...);[r,~,k] = rlevinson(a,varAR);[r,u,k] = rlevinson(a,e)"
rooteig,Spectral Analysis,function,"W = ROOTEIG(X,P);W = ROOTEIG(R,P,'corr');F = ROOTEIG(...,Fs);[W,POW] = ROOTEIG(...);[W,P] = rooteig(X,3)"
rootmusic,Spectral Analysis,function,"W = ROOTMUSIC(X,P);W = ROOTMUSIC(R,P,'corr');F = ROOTMUSIC(...,Fs);[W,POW] = ROOTMUSIC(...);[W,P] = rootmusic(X,3)"
rpmfreqmap,Vibration Analysis,function,"MAP = RPMFREQMAP(X,Fs,RPM);MAP = RPMFREQMAP(X,Fs,RPM,RES);MAP = RPMFREQMAP(...,'Amplitude',AMP);MAP = RPMFREQMAP(...,'Scale',SCALE);MAP = RPMFREQMAP(...,'Window',NAME);MAP = RPMFREQMAP(...,'OverlapPercent',OP);[MAP,FREQ,RPM,TIME,RES] = RPMFREQMAP(...);RPMFREQMAP(...);rpmfreqmap(vib,fs,rpm);[map,freq,rpmOut,time] = rpmfreqmap(vib,fs,rpm);rpmfreqmap(x,Fs,rpm)"
rpmordermap,Vibration Analysis,function,"MAP = RPMORDERMAP(X,Fs,RPM);MAP = RPMORDERMAP(X,Fs,RPM,RES);MAP = RPMORDERMAP(...,'Amplitude',AMP);MAP = RPMORDERMAP(...,'Scale',SCALE);MAP = RPMORDERMAP(...,'Window',NAME);MAP = RPMORDERMAP(...,'OverlapPercent',OP);[MAP,ORDER,RPM,TIME,RES] = RPMORDERMAP(...);RPMORDERMAP(...);rpmordermap(vib,fs,rpm,0.005);[map,order,rpmOut,time] = rpmordermap(vib,fs,rpm,0.005);rpmordermap(x,Fs,rpm)"
rpmtrack,Vibration Analysis,function,"RPM = RPMTRACK(X,FS,ORDER,P);RPM = RPMTRACK(XT,ORDER,P);RPM = RPMTRACK(...,'Method',EM);RPM = RPMTRACK(...,'FrequencyResolution',FRES);RPM = RPMTRACK(...,'PowerPenalty',PPEN);RPM = RPMTRACK(...,'FrequencyPenalty',FPEN);RPM = RPMTRACK(...,'StartTime',TSTART);RPM = RPMTRACK(...,'EndTime',TEND);[RPM, TOUT] = RPMTRACK(...);RPMTRACK(...);rpmtrack(vib,fs,order,P);rpmtrack(vib,fs,order,P,'FrequencyResolution',5)"
rssq,Measurements and Feature Extraction,function,"RSSQ(X);Y = RSSQ(X,DIM);RSSQ(ABS(X));y = rssq(x);y = rssq(x, 1);y = rssq(x, 2)"
sawtooth,Signal Generation and Preprocessing,function,"SAWTOOTH(T);SAWTOOTH(T,WIDTH);SAWTOOTH(T,1)"
scalarFeatureOptions,Measurements and Feature Extraction,function,"opts = scalarFeatureOptions(DOMAIN);opts = scalarFeatureOptions(DOMAIN,Name=Value)"
scaleFilterSections,Digital Filtering,function,"CTFNUMSV = scaleFilterSections(CTFNUM,SV);ctfNumSV = scaleFilterSections(ctfNum,g)"
schurrc,Signal Modeling,function,"K = SCHURRC(R);[K,E] = SCHURRC(R);k = schurrc(r(5:end))"
scopext,unlisted,function,
seqperiod,Measurements and Feature Extraction,mex,"P = SEQPERIOD(X);P = SEQPERIOD(X,TOL);[P,N] = SEQPERIOD(...);P = seqperiod(x);[P,N] = seqperiod(x,1e-5)"
settlingtime,Measurements and Feature Extraction,function,"S = SETTLINGTIME(X,D);S = SETTLINGTIME(X,Fs,D);S = SETTLINGTIME(X,T,D);S = SETTLINGTIME(...,'Tolerance',TOL);S = SETTLINGTIME(...,'MidPercentReferenceLevel',L);S = SETTLINGTIME(...,'StateLevels',SL);[S,SLEV,SINST] = SETTLINGTIME(...);SETTLINGTIME(...);settlingtime(x, t, 2e-6);y = settlingtime(x, 4e6, 2e-6)"
sfdr,Measurements and Feature Extraction,function,"R = SFDR(X);R = SFDR(X, Fs);R = SFDR(X, Fs, MSD);R = SFDR(Sxx, F, 'power');R = SFDR(Sxx, F, MSD, 'power');[R, SPURPOW, SPURFREQ] = SFDR(...);SFDR(...);[sfd, spur, frq] = sfdr(x, Fs);sfdr(x, Fs)"
sgolay,Digital Filter Design,function,"B = SGOLAY(ORDER,FRAMELEN);SGOLAY(ORDER,FRAMELEN,WEIGHTS);[B,G] = SGOLAY(...);b = sgolay(order,framelen);[~,g] = sgolay(5,25)"
sgolayfilt,Digital Filtering,function,"SGOLAYFILT(X,ORDER,FRAMELEN);SGOLAYFILT(X,ORDER,FRAMELEN,WEIGHTS);SGOLAYFILT(X,ORDER,FRAMELEN,[],DIM);SGOLAYFILT(X,ORDER,FRAMELEN,WEIGHTS,DIM);smtlb = sgolayfilt(mtlb,3,41)"
shiftdata,Signal Generation and Preprocessing,function,"[X,PERM,NSHIFTS] = SHIFTDATA(X,DIM);[x,perm,nshifts] = shiftdata(x,2);shiftdata(x,perm,nshifts);[x,perm,nshifts] = shiftdata(x,[])"
shortensigroi,Measurements and Feature Extraction,function,"ROILIMSOUT = shortensigroi(ROILIMS,SL,SR);roiMatrixShortened = shortensigroi(roiMatrix,2,2)"
signalDatastore,Measurements and Feature Extraction,class,
signalFrequencyFeatureExtractor,Measurements and Feature Extraction,class,
signalMask,Measurements and Feature Extraction,class,
signalpolyutils,unlisted,function,
signalTimeFeatureExtractor,Measurements and Feature Extraction,class,
signalTimeFrequencyFeatureExtractor,Measurements and Feature Extraction,class,
sigprivate,unlisted,function,"SIGPRIVATE('FOO',ARG1,ARG2,...)"
sigrangebinmask,Measurements and Feature Extraction,function,"L = SIGRANGEBINMASK(X,BOUND);L = SIGRANGEBINMASK(X,BOUND,Fs);L = SIGRANGEBINMASK(X,BOUND,Ts);L = SIGRANGEBINMASK(...,Relationship=RE);L = SIGRANGEBINMASK(...,IntervalType=IT);L = SIGRANGEBINMASK(...,MinLength=ML);L = SIGRANGEBINMASK(X,...,Dimension=DIM);SIGRANGEBINMASK(...);l = sigrangebinmask(x,3,MinLength=4);sigrangebinmask(x,0,Fs,MinLength=seconds(0.1))"
sigroi2binmask,Measurements and Feature Extraction,function,"MASK = sigroi2binmask(ROILIMS);MASK = sigroi2binmask(ROILIMS,L);mask = sigroi2binmask(roiMatrix);mask = sigroi2binmask(roiMatrix,L)"
sinad,Measurements and Feature Extraction,function,"R = SINAD(X);R = SINAD(X, Fs);R = SINAD(Pxx, F, 'psd');R = SINAD(Sxx, F, RBW, 'power');[R, TOTDISTPOW] = SINAD(...);SINAD(...);sinad(x,Fs);[sineSINAD, distPower] = sinad(Sxx, F, rbw, 'power');sinad(Sxx, F, rbw, 'power')"
sinc,Signal Generation and Preprocessing,function,SINC(X);y = sinc(t)
slewrate,Measurements and Feature Extraction,function,"S = SLEWRATE(X);S = SLEWRATE(X,Fs);S = SLEWRATE(X,T);S = SLEWRATE(...,'Tolerance',TOL);S = SLEWRATE(...,'PercentReferenceLevels',PRL);S = SLEWRATE(...,'StateLevels',SL);[S,LT,UT] = SLEWRATE(...);[S,LT,UT,LL,UL] = SLEWRATE(...);SLEWRATE(...);slewrate(x, t);y = slewrate(x, 4e6)"
snr,Measurements and Feature Extraction,function,"R = SNR(X,Y);R = SNR(X);R = SNR(X,Fs,N);R = SNR(Pxx,F,'psd');R = SNR(Pxx,F,N,'psd');R = SNR(Sxx,F,RBW,'power');R = SNR(Sxx,F,RBW,N,'power');[R, NOISEPOW] = SNR(...);[...] = SNR(...,'aliased');SNR(X,Y);SNR(...);pulseSNR = snr(x,s-x);snr(x,Fs);SNR (in dB);sineSNR = snr(Sxx,F,rbw,'power');snr(Sxx,F,rbw,'power')"
sos2cell,Digital Filtering,function,"C = SOS2CELL(S);C = SOS2CELL(S,G);c = sos2cell(s,g)"
sos2ctf,Digital Filtering,function,"[B,A] = SOS2CTF(SOS);[B,A] = SOS2CTF(SOS,G);[b,a] = sos2ctf(sos,g)"
sos2ss,Digital Filtering,function,"[A,B,C,D]=SOS2SS(SOS,G);[A,B,C,D] = sos2ss(sos)"
sos2tf,Digital Filtering,function,"[B,A] = SOS2TF(SOS,G);[b,a] = sos2tf(sos)"
sos2zp,Digital Filtering,function,"[Z,P,K] = SOS2ZP(SOS,G);[z,p,k] = sos2zp(sos)"
sosfilt,Digital Filtering,function,"Y = SOSFILT(SOS,X);Y = SOSFILT(SOS,X,DIM);y = sosfilt(SOS,x1)"
specgram,unlisted,function,
specplot,unlisted,function,
spectralCrest,Time-Frequency Analysis,function,"crest = spectralCrest(x,f);[crest,spectralPeak,spectralMean] = spectralCrest(...);crest = spectralCrest(...,Window=WINDOW);crest = spectralCrest(...,OverlapLength=OVERLAPLENGTH);crest = spectralCrest(...,FFTLength=FFTLENGTH);crest = spectralCrest(...,Range=RANGE);crest = spectralCrest(...,SpectrumType=SPECTRUMTYPE);spectralCrest(...);spectralCrest(s,f)"
spectralEntropy,Time-Frequency Analysis,function,"entropy = spectralEntropy(x,f);entropy = spectralEntropy(...,Window=WINDOW);entropy = spectralEntropy(...,OverlapLength=OVERLAPLENGTH);entropy = spectralEntropy(...,FFTLength=FFTLENGTH);entropy = spectralEntropy(...,Range=RANGE);entropy = spectralEntropy(...,SpectrumType=SPECTRUMTYPE);spectralEntropy(...);spectralEntropy(s,f)"
spectralFlatness,Time-Frequency Analysis,function,"flatness = spectralFlatness(x,f);[flatness,arithmeticMean,geometricMean] = spectralFlatness(x,f);flatness = spectralFlatness(...,Window=WINDOW);flatness = spectralFlatness(...,OverlapLength=OVERLAPLENGTH);flatness = spectralFlatness(...,FFTLength=FFTLENGTH);flatness = spectralFlatness(...,Range=RANGE);flatness = spectralFlatness(...,'SpectrumType',SPECTRUMTYPE);spectralFlatness(...);spectralFlatness(s,f)"
spectralKurtosis,Time-Frequency Analysis,function,"kurtosis = spectralKurtosis(x,f);[kurtosis,spread,centroid] = spectralKurtosis(...);kurtosis = spectralKurtosis(...,Window=WINDOW);kurtosis = spectralKurtosis(...,OverlapLength=OVERLAPLENGTH);kurtosis = spectralKurtosis(...,FFTLength=FFTLENGTH);kurtosis = spectralKurtosis(...,Range=RANGE);kurtosis = spectralKurtosis(...,SpectrumType=SPECTRUMTYPE);spectralKurtosis(...);spectralKurtosis(s,f)"
spectralSkewness,Time-Frequency Analysis,function,"skewness = spectralSkewness(x,f);[skewness,spread,centroid] = spectralSkewness(...);skewness = spectralSkewness(...,Window=WINDOW);skewness = spectralSkewness(...,OverlapLength=OVERLAPLENGTH);skewness = spectralSkewness(...,FFTLength=FFTLENGTH);skewness = spectralSkewness(...,Range=RANGE);skewness = spectralSkewness(...,SpectrumType=SPECTRUMTYPE);spectralSkewness(...);spectralSkewness(s,f)"
spectrogram,Time-Frequency Analysis,function,"S = SPECTROGRAM(X);S = SPECTROGRAM(X,WINDOW);S = SPECTROGRAM(X,WINDOW,NOVERLAP);S = SPECTROGRAM(X,WINDOW,NOVERLAP,NFFT);S = SPECTROGRAM(X,WINDOW,NOVERLAP,NFFT,Fs);[S,F,T] = SPECTROGRAM(...);[S,F,T] = SPECTROGRAM(X,WINDOW,NOVERLAP,F);[S,F,T] = SPECTROGRAM(X,WINDOW,NOVERLAP,F,Fs);[S,F,T,P] = SPECTROGRAM(...);[S,F,T,P] = SPECTROGRAM(...,'MinThreshold',THRESH);[S,F,T,P] = SPECTROGRAM(...,'reassigned');[S,F,T,P,Fc,Tc] = SPECTROGRAM(...);[...] = SPECTROGRAM(...,SPECTRUMTYPE);[...] = SPECTROGRAM(...,FREQRANGE);[...] = SPECTROGRAM(...,'OutputTimeDimension',TIMEDIMENSION);SPECTROGRAM(...);SPECTROGRAM(...,FREQLOCATION);spectrogram(y,kaiser(128,18),120,128,1E3,'yaxis');spectrogram(y,kaiser(128,18),120,128,1E3,'reassigned','yaxis');[~,~,~,P,Fc,Tc] = spectrogram(y,kaiser(128,18),120,128,1E3,'minthreshold',-30);spectrogram(x1,kaiser(256,5),220,512,Fs)"
spectrum,unlisted,function,
square,Signal Generation and Preprocessing,function,"SQUARE(T);SQUARE(T,DUTY);y = square(2*pi*30*t)"
ss2sos,Digital Filtering,function,"[SOS,G]=SS2SOS(A,B,C,D);[SOS,G] = SS2SOS(A,B,C,D,IU);SS2SOS(...,DIR_FLAG);SS2SOS(...DIR_FLAG,SCALE);sos = ss2sos(A,B,C,D)"
statelevels,Measurements and Feature Extraction,function,"LEVELS = STATELEVELS(X);LEVELS = STATELEVELS(X,NBINS);LEVELS = STATELEVELS(X,NBINS,METHOD);LEVELS = STATELEVELS(X,NBINS,METHOD,BOUNDS);[LEVELS,HISTOGRAM] = STATELEVELS(...);[LEVELS,HISTOGRAM,BINLEVELS] = STATELEVELS(...);STATELEVELS(...);statelevels(x);levels = statelevels(x)"
stepz,Digital Filter Analysis,function,"[H,T] = STEPZ(B,A);[H,T] = STEPZ(SOS);[H,T] = STEPZ(D);[H,T] = STEPZ(...,N);[H,T] = STEPZ(...,N,Fs);STEPZ(...);stepz(b);stepz(b,a);stepz(SOS);stepz(D,256)"
stft,Time-Frequency Analysis,function,"S = STFT(X);S = STFT(X,Fs);S = STFT(X,Ts);S = STFT(...,'Window',WINDOW);S = STFT(...,'OverlapLength',NOVERLAP);S = STFT(...,'FFTLength',NFFT);S = STFT(...,'FrequencyRange',FREQRANGE);S = STFT(...,'OutputTimeDimension',TIMEDIMENSION);[S,F] = STFT(...);[S,F,T] = STFT(...);STFT(...);stft(x);stft(x,D,'Window',win,'OverlapLength',98,'FFTLength',128);stft(x,fs,'Window',win,'OverlapLength',50,'FFTLength',200);[S,F,T] = stft(xTable,'Window',win,'OverlapLength',250);stft(x,'Centered',false);[S,F,T] = stft(x,fs)"
stftmag2sig,Time-Frequency Analysis,function,"X = STFTMAG2SIG(S,NFFT);X = STFTMAG2SIG(S,NFFT,Fs);X = STFTMAG2SIG(S,NFFT,Ts);X = STFTMAG2SIG(...,Window=WINDOW);X = STFTMAG2SIG(...,OverlapLength=NOVERLAP);X = STFTMAG2SIG(...,FrequencyRange=FREQRANGE);X = STFTMAG2SIG(...,Method=METHOD);X = STFTMAG2SIG(...,InitializePhaseMethod=INITPHASEMETHOD);X = STFTMAG2SIG(...,InitialPhase=INITPHASE);X = STFTMAG2SIG(...,MaxIterations=MAXITERATIONS);X = STFTMAG2SIG(...,InconsistencyTolerance=INCONSTOL);X = STFTMAG2SIG(...,InputTimeDimension=TIMEDIMENSION);X = STFTMAG2SIG(...,UpdateParameter=ALPHA);X = STFTMAG2SIG(...,TruncationOrder=L);X = STFTMAG2SIG(...,Optimizer=OPTIMIZER);X = STFTMAG2SIG(...,StepSize=STEPSIZE);X = STFTMAG2SIG(...,Display=DISPLAY);[X,T] = STFTMAG2SIG(...);[X,T,INFO] = STFTMAG2SIG(...);xrec = stftmag2sig(abs(S),nfft,Window=win,OverlapLength=OverlapLength);xrec = stftmag2sig(abs(S),nfft,Window=win,FrequencyRange=""onesided"",Method=""legla"");xrec = stftmag2sig(abs(S),nfft,Window=win,Method=""gd"")"
stmcb,Signal Modeling,function,"[B,A] = stmcb(H,NB,NA);[B,A] = stmcb(H,NB,NA,N);[B,A] = stmcb(H,NB,NA,N,Ai);[B,A] = STMCB(Y,X,NB,NA,N,Ai);[bb,aa] = stmcb(h,4,4)"
strips,Signal Generation and Preprocessing,function,"STRIPS(X);STRIPS(X,N);STRIPS(X,SD,Fs);STRIPS(X,SD,Fs,SCALE);strips(x,0.25,fs)"
tachorpm,Vibration Analysis,function,"RPM = TACHORPM(X,Fs);[RPM,T] = TACHORPM(X,Fs);[RPM,T,TP] = TACHORPM(X,Fs);[...] = TACHORPM(...,'PulsesPerRev',PPR);[...] = TACHORPM(...,'StateLevels',SL);[...] = TACHORPM(...,'OutputFs',OFs);[...] = TACHORPM(...,'FitType',FT);[...] = TACHORPM(...,'FitPoints',FP);TACHORPM(...);tachorpm(Yn,fs,'FitPoints',100)"
tall,unlisted,class,
taylorwin,Spectral Analysis,function,"TAYLORWIN(N);TAYLORWIN(N,NBAR);TAYLORWIN(N,NBAR,SLL);w = taylorwin(64,5,-35)"
tf2latc,Digital Filtering,function,"K = TF2LATC(NUM);K = TF2LATC(NUM,'max');K = TF2LATC(NUM,'min');K = TF2LATC(NUM,DEN,...);K = TF2LATC(NUM/DEN,...);[K,V] = TF2LATC(NUM,DEN);K = TF2LATC(1,DEN);[K,V] = TF2LATC(B0,DEN);K = tf2latc(1,DEN)"
tf2sos,Digital Filtering,function,"[SOS,G] = TF2SOS(B,A);TF2SOS(B,A,DIR_FLAG);TF2SOS(B,A,DIR_FLAG,SCALE);sos = tf2sos(b,a)"
tf2zpk,Digital Filtering,function,"[Z,P,K] = TF2ZPK(NUM,DEN);[z,p,k] = tf2zpk(b,a)"
tfe,unlisted,function,
tfestimate,Measurements and Feature Extraction,function,"Txy = TFESTIMATE(X,Y);TFESTIMATE(X(:,n),Y(:,n));Txy = TFESTIMATE(X,Y,WINDOW);Txy = TFESTIMATE(X,Y,WINDOW,NOVERLAP);[Txy,W] = TFESTIMATE(X,Y,WINDOW,NOVERLAP,NFFT);[Txy,W] = TFESTIMATE(X,Y,WINDOW,NOVERLAP,W);[Txy,F] = TFESTIMATE(X,Y,WINDOW,NOVERLAP,NFFT,Fs);[Txy,F] = TFESTIMATE(X,Y,WINDOW,NOVERLAP,F,Fs);[...] = TFESTIMATE(...,'mimo');[...] = TFESTIMATE(...,'Estimator',EST);[...] = TFESTIMATE(...,FREQRANGE);TFESTIMATE(...);tfestimate(x,y,[],512,1024);[txy,w] = tfestimate(x,y,[],512,1024);tfestimate(x,y,[],512,1024,'mimo')"
tfridge,Time-Frequency Analysis,function,"FRIDGE = TFRIDGE(TFM,F);[FRIDGE,IRIDGE] = TFRIDGE(TFM,F);[FRIDGE,IRIDGE,LRIDGE] = TFRIDGE(TFM,F);[...] = TFRIDGE(TFM,F,PENALTY);[...] = TFRIDGE(...,'NumRidges',NR);[...] = TFRIDGE(...,'NumRidges',NR,'NumFrequencyBins',NBINS);fridge = tfridge(sst,f,10,'NumRidges',2)"
thd,Measurements and Feature Extraction,function,"R = THD(X);R = THD(X, Fs, N);R = THD(Pxx, F, 'psd');R = THD(Pxx, F, N, 'psd');R = THD(Sxx, F, RBW, 'power');R = THD(Sxx, F, RBW, N, 'power');[R, HARMPOW, HARMFREQ] = THD(...);[...] = THD(...,'aliased');THD(...);thd(x,Fs);[sineTHD, hPower, hFreq] = thd(Sxx,F,rbw,'power');thd(Sxx,F,rbw,'power')"
timeFrequencyScalarFeatureOptions,Measurements and Feature Extraction,function,opts = timeFrequencyScalarFeatureOptions(Name=Value)
timezparse,unlisted,function,
tocanalogfilters,Digital and Analog Filters,function,
toccorrandconv,unlisted,function,
tocfilteranalysis,Digital and Analog Filters,function,
tocfilterdesign,Digital and Analog Filters,function,
tocfiltering,Digital and Analog Filters,function,
tocfilters,Analog Filters,function,
tocmeasurements,unlisted,function,
tocmultiratesignalproc,Digital and Analog Filters,function,
tocsiggenandpreprocess,unlisted,function,
tocsiggpu,unlisted,function,
tocsigmodeling,unlisted,function,
tocspectral,unlisted,function,
toctimefrequency,unlisted,function,
toctransforms,unlisted,function,
tocvibration,unlisted,function,
toi,Measurements and Feature Extraction,function,"OIP3 = TOI(X);OIP3 = TOI(X, Fs);OIP3 = TOI(Pxx, F, 'psd');OIP3 = TOI(Sxx, F, RBW, 'power');[OIP3, FUNDPOW, FUNDFREQ, IMODPOW, IMODFREQ] = TOI(...);TOI(...);toi(y, Fs);[myTOI, Pfund, Ffund, Pim3, Fim3] = toi(Sxx, F, enbw(w,Fs), 'power');toi(Sxx, F, enbw(w,Fs), 'power')"
triang,Spectral Analysis,function,W = TRIANG(N);triang(L)
tripuls,Signal Generation and Preprocessing,function,"TRIPULS(T);TRIPULS(T,W);TRIPULS(T,W,S);x = tripuls(t,w)"
tsa,Vibration Analysis,function,"TA = TSA(X,Fs,TP);TA = TSA(X,T,TP);TA = TSA(XT,TP);TA = TSA(...,'PulsesPerRotation',PR);TA = TSA(...,'Method',AM);TA = TSA(...,'ResampleFactor',RF);TA = TSA(...,'NumRotations',NR);[TA,T,P] = TSA(...);[TA,T,P,RPM] = TSA(...);TSA(...);tsa(y,fs,tPulse);tsa(TT,tPulse)"
tukeywin,Spectral Analysis,function,"TUKEYWIN(N);W = TUKEYWIN(N,R);w = tukeywin(N,0.5)"
udecode,Signal Generation and Preprocessing,function,"Y = UDECODE(U,N);Y = UDECODE(U,N,V);Y = UDECODE(U,N,V,'wrap');ysat = udecode(u,3)"
uencode,Signal Generation and Preprocessing,function,"Y = UENCODE(U,N);Y = UENCODE(U,N,V);Y = UENCODE(U,N,V,'unsigned');Y = UENCODE(U,N,V,'signed');y = uencode(u,3)"
undershoot,Measurements and Feature Extraction,function,"US = UNDERSHOOT(X);US = UNDERSHOOT(X,Fs);US = UNDERSHOOT(X,T);US = UNDERSHOOT(...,'Region',REGION);US = UNDERSHOOT(...,'SeekFactor',FACTOR);US = UNDERSHOOT(...,'Tolerance',TOL);US = UNDERSHOOT(...,'PercentReferenceLevels',PRL);US = UNDERSHOOT(...,'StateLevels',SL);[US,ULEV,UINST] = UNDERSHOOT(...);UNDERSHOOT(...);undershoot(x, t);y = undershoot(x, 4e6)"
unshiftdata,Signal Generation and Preprocessing,function,"Y = UNSHIFTDATA(X,PERM,NSHIFTS);y = unshiftdata(x,perm,nshifts)"
upfirdn,Multirate Signal Processing,function,"UPFIRDN(X,H,P,Q);y = upfirdn(x,h,L,M)"
upsample,Multirate Signal Processing,function,"UPSAMPLE(X,N);UPSAMPLE(X,N,PHASE);y = upsample(x,3);y = upsample(x,3,2)"
vco,Signal Generation and Preprocessing,function,"Y = VCO(X,Fc,Fs);Y = VCO(X,[Fmin Fmax],Fs);x = vco(sawtooth(2*pi*t,0.75),[0.1 0.4]*fs,fs)"
vratio,unlisted,function,"VRATIO(u,ineps,mp)"
window,unlisted,function,"WINDOW(@WNAME,N);WINDOW(@WNAME,N,OPT1,OPT2);w = window(@blackmanharris,N);w1 = window(@gausswin,N,2.5);w2 = window(@taylorwin,N,5,-35)"
xcorr2,Correlation and Convolution,function,"XCORR2(A,B);XCORR2(A);xcorr2(a,b)"
xspectrogram,Time-Frequency Analysis,function,"S = XSPECTROGRAM(X,Y);S = XSPECTROGRAM(X,Y,WINDOW);S = XSPECTROGRAM(X,Y,WINDOW,NOVERLAP);S = XSPECTROGRAM(X,Y,WINDOW,NOVERLAP,NFFT);S = XSPECTROGRAM(X,Y,WINDOW,NOVERLAP,NFFT,Fs);S = XSPECTROGRAM(...,'MinThreshold',THRESH);S = XSPECTROGRAM(...,SPECTRUMTYPE);[S,F,T] = XSPECTROGRAM(...);[S,F,T] = XSPECTROGRAM(X,Y,WINDOW,NOVERLAP,F);[S,F,T] = XSPECTROGRAM(X,Y,WINDOW,NOVERLAP,F,Fs);[S,F,T,C] = XSPECTROGRAM(...);[...] = XSPECTROGRAM(...,FREQRANGE);[...] = XSPECTROGRAM(...,'OutputTimeDimension',TIMEDIMENSION);XSPECTROGRAM(...);XSPECTROGRAM(...,FREQLOCATION);xspectrogram(x1,x2,128,120,128,1e3);[~,f,~,C] = xspectrogram(y1,y2,kaiser(128,18),120,128,1e3)"
yulewalk,Digital Filter Design,function,"[B,A] = YULEWALK(N,F,M);[b,a] = yulewalk(8,f,m)"
zerocrossrate,Measurements and Feature Extraction,function,"RATE = ZEROCROSSRATE(X);RATE = ZEROCROSSRATE(TT);RATE = ZEROCROSSRATE(...,InitialState=INITIALVALUES);RATE = ZEROCROSSRATE(...,Method=ZCRMETHOD);RATE = ZEROCROSSRATE(...,WindowLength=WINDOWLENGTH);RATE = ZEROCROSSRATE(...,OverlapLength=NOVERLAP);RATE = ZEROCROSSRATE(...,Level=LVL);RATE = ZEROCROSSRATE(...,Threshold=THRESHOLDVALUE);RATE = ZEROCROSSRATE(...,TransitionEdge=EDGE);RATE = ZEROCROSSRATE(...,ZeroPositive=ZPFLAG);[RATE,COUNT] = ZEROCROSSRATE(...);[RATE,COUNT,INDICES] = ZEROCROSSRATE(...);ZEROCROSSRATE(...);[rate,count,indices] = zerocrossrate(binarySeq);[rate,count,indices] = zerocrossrate(binarySeq,Method=""comparison"");zerocrossrate(audioIn,WindowLength=round(fs*0.05),OverlapLength=0)"
zerophase,Digital Filter Analysis,function,"[Hr,W] = ZEROPHASE(B,A);[Hr,W] = ZEROPHASE(SOS);[Hr,W] = ZEROPHASE(D);[Hr,W] = ZEROPHASE(..., NFFT);[Hr,W] = ZEROPHASE(...,NFFT,'whole');[Hr,F] = ZEROPHASE(...,Fs);[Hr,F] = ZEROPHASE(...,'whole',Fs);Hr = ZEROPHASE(...,W);Hr = ZEROPHASE(..,F,Fs);[Hr,W,Phi] = ZEROPHASE(...);ZEROPHASE(...);zerophase(b);zerophase(b,a,512,'whole');zerophase(SOS);zerophase(D,2048)"
zp2ctf,Digital Filtering,function,"[NUM,DEN,G] = zp2ctf(Z,P,K);zp2ctf(...,SectionOrder=ORD);zp2ctf(...,Direction=DIR);zp2ctf(...,Scale=S);[NUM2,DEN2,G2] = zp2ctf(z,p,k);[NUM4,DEN4,G4] = zp2ctf(z,p,k,SectionOrder=4)"
zp2sos,Digital Filtering,function,"[SOS,G] = ZP2SOS(Z,P,K);ZP2SOS(Z,P,K,DIR_FLAG);ZP2SOS(Z,P,K,DIR_FLAG,SCALE);ZP2SOS(Z,P,K,DIR_FLAG,SCALE,KRZFLAG);sos = zp2sos(z,p,k)"
zplane,Digital Filter Analysis,function,"ZPLANE(Z,P);ZPLANE(B,A);[HZ,HP,Hl] = ZPLANE(Z,P);ZPLANE(Z,P,AX);[HZ,HP,Hl] = ZPLANE(D);zplane(b);zplane(b,a);zplane(z,p);zplane(D)"
zplaneplot,unlisted,function,"ZPLANEPLOT(Z,P);ZPLANEPLOT(...,MARKERS);ZPLANEPLOT(...,COLORS);[HZ,HP,Hl] = ZPLANEPLOT(Z,P);zplaneplot(z,p,{'s','+'});zplaneplot(z,p,{[1 0 0],[.8 .8 .8]});zplaneplot([z1,z2],[p1,p2],{'s','+','d','*'})"
