abcd2s	1	2
abs	1	5
ac2poly	2	2
ac2rc	2	2
accumarray	1	5
acos	1	5
acosd	1	5
acosh	1	5
acot	1	5
acotd	1	5
acoth	1	5
acsc	1	5
acscd	1	5
acsch	1	5
activecontour	1	2
adapthisteq	1	2
adaptthresh	1	2
addCause	ERR:MATLAB:narginout:notValidMfile	0
addedvarplot	ERR:MATLAB:narginout:notValidMfile	0
addlistener	ERR:MATLAB:narginout:doesNotApply	5
addpath	1	2
addpoints	ERR:MATLAB:nargin:isScript	2
addtodate	1	2
addToolbarExplorationButtons	0	6
addvars	1	0
adtest	ERR:MATLAB:narginout:notValidMfile	0
affine2d	1	2
affineOutputView	1	2
airy	1	5
alignsignals	-1	2
alim	1	2
all	1	5
alpha	0	2
alphamap	1	2
amd	1	5
ancestor	ERR:MATLAB:narginout:doesNotApply	5
and	1	5
andrewsplot	ERR:MATLAB:narginout:notValidMfile	0
angle	1	2
animatedline	1	5
annotation	1	2
anova1	ERR:MATLAB:narginout:notValidMfile	0
anova2	ERR:MATLAB:narginout:notValidMfile	0
anovan	ERR:MATLAB:narginout:notValidMfile	0
ansaribradley	ERR:MATLAB:narginout:notValidMfile	0
any	1	5
anymissing	1	5
append	1	2
applylut	1	2
arburg	3	2
arcov	2	2
area	1	2
argnames	1	0
armcov	2	2
array2table	1	2
arrayfun	-1	5
aryule	3	2
asec	1	5
asecd	1	5
asech	1	5
asin	1	5
asind	1	5
asinh	1	5
assert	0	5
assignin	0	5
atan	1	5
atan2	1	5
atan2d	1	5
atand	1	5
atanh	1	5
audioread	2	2
axes	1	5
axis	-1	2
axtoolbar	2	2
axtoolbarbtn	1	2
balance	3	5
bandpass	-1	2
bandpower	1	2
bandstop	-1	2
bandwidth	2	5
bar	1	2
bar3	1	2
bar3h	1	2
barh	1	2
barthannwin	1	2
bartlett	1	2
barttest	ERR:MATLAB:narginout:notValidMfile	0
base2dec	1	2
bbdesign	ERR:MATLAB:narginout:notValidMfile	0
beep	1	5
besselap	3	2
besself	-1	2
besselh	1	5
besseli	1	5
besselj	1	5
besselk	1	5
bessely	1	5
bestblk	2	2
beta	1	2
betacdf	ERR:MATLAB:narginout:notValidMfile	0
BetaDistribution	ERR:MATLAB:narginout:notValidMfile	0
betafit	ERR:MATLAB:narginout:notValidMfile	0
betainc	1	5
betaincinv	1	5
betainv	ERR:MATLAB:narginout:notValidMfile	0
betalike	ERR:MATLAB:narginout:notValidMfile	0
betaln	1	2
betapdf	ERR:MATLAB:narginout:notValidMfile	0
betarnd	ERR:MATLAB:narginout:notValidMfile	0
betastat	ERR:MATLAB:narginout:notValidMfile	0
between	1	0
bfscore	3	2
bicg	5	2
bicgstab	5	2
bicgstabl	5	2
bilinear	4	2
bin2dec	1	5
binocdf	ERR:MATLAB:narginout:notValidMfile	0
binofit	ERR:MATLAB:narginout:notValidMfile	0
binoinv	ERR:MATLAB:narginout:notValidMfile	0
BinomialDistribution	ERR:MATLAB:narginout:notValidMfile	0
binopdf	ERR:MATLAB:narginout:notValidMfile	0
binornd	ERR:MATLAB:narginout:notValidMfile	0
binostat	ERR:MATLAB:narginout:notValidMfile	0
binscatter	1	2
biplot	ERR:MATLAB:narginout:notValidMfile	0
BirnbaumSaundersDistribution	ERR:MATLAB:narginout:notValidMfile	0
bitand	1	5
bitcmp	1	5
bitget	1	5
bitor	1	5
bitrevorder	2	2
bitset	1	5
bitshift	1	5
bitxor	1	5
blackman	1	2
blackmanharris	1	2
blanks	1	2
blkdiag	1	2
blockproc	1	2
bohmanwin	1	2
bootci	ERR:MATLAB:narginout:notValidMfile	0
bootstrp	ERR:MATLAB:narginout:notValidMfile	0
boundary	2	2
boundarymask	1	2
bounds	2	2
box	0	2
boxcar	1	2
boxchart	1	2
boxplot	ERR:MATLAB:narginout:notValidMfile	0
brighten	1	2
bsxfun	1	5
bubblechart	1	2
bubblechart3	1	2
bubblelegend	1	2
bubblelim	1	6
bubblesize	1	6
buffer	ERR:MATLAB:narginout:doesNotApply	3
builtin	1	5
BurrDistribution	ERR:MATLAB:narginout:notValidMfile	0
buttap	3	2
butter	-1	2
buttord	2	2
bvp4c	1	2
bvp5c	1	2
bvpget	1	2
bvpinit	1	2
bvpset	1	2
bvpxtend	1	2
bwarea	1	2
bwareafilt	1	2
bwareaopen	1	2
bwboundaries	4	2
bwconncomp	1	2
bwconvhull	1	2
bwdist	-1	2
bwdistgeodesic	1	2
bweuler	1	2
bwferet	-1	2
bwhitmiss	1	2
bwlabel	2	2
bwlabeln	2	2
bwlookup	1	2
bwmorph	2	2
bwmorph3	1	2
bwperim	1	2
bwpropfilt	1	2
bwselect	-1	2
bwselect3	-1	2
bwskel	1	2
bwtraceboundary	1	2
bwulterode	1	2
caldays	1	2
caldiff	1	0
calendar	1	2
calendarDuration	1	2
calmonths	1	2
calquarters	1	2
calweeks	1	2
calyears	1	2
camdolly	0	2
camlight	1	2
camlookat	0	2
camorbit	0	2
campan	0	2
campos	1	2
camproj	1	2
camroll	0	2
camtarget	1	2
camup	1	2
camva	1	2
camzoom	0	2
canoncorr	ERR:MATLAB:narginout:notValidMfile	0
capability	ERR:MATLAB:narginout:notValidMfile	0
capaplot	ERR:MATLAB:narginout:notValidMfile	0
cart2pol	3	2
cart2sph	3	2
cascadesparams	1	2
caseread	ERR:MATLAB:narginout:notValidMfile	0
casewrite	ERR:MATLAB:narginout:notValidMfile	0
cast	1	5
cat	1	5
categorical	1	2
caxis	-1	2
ccdesign	ERR:MATLAB:narginout:notValidMfile	0
cceps	3	2
cconv	1	2
cd	1	5
cdf	ERR:MATLAB:narginout:notValidMfile	7
cdf2rdf	2	2
cdfplot	ERR:MATLAB:narginout:notValidMfile	0
ceil	1	5
cell	1	5
cell2mat	1	2
cell2sos	2	2
cell2struct	1	5
cellfun	-1	5
cellstr	1	2
cgs	5	2
char	1	5
cheb1ap	3	2
cheb1ord	2	2
cheb2ap	3	2
cheb2ord	2	2
chebwin	1	2
cheby1	-1	2
cheby2	-1	2
checkerboard	1	2
chi2cdf	ERR:MATLAB:narginout:notValidMfile	0
chi2gof	ERR:MATLAB:narginout:notValidMfile	0
chi2inv	ERR:MATLAB:narginout:notValidMfile	0
chi2pdf	ERR:MATLAB:narginout:notValidMfile	0
chi2rnd	ERR:MATLAB:narginout:notValidMfile	0
chi2stat	ERR:MATLAB:narginout:notValidMfile	0
chirp	1	2
chol	3	5
cholcov	ERR:MATLAB:narginout:notValidMfile	0
cholupdate	2	5
chromadapt	1	2
circshift	1	5
cla	1	2
clabel	1	2
class	1	5
clc	0	5
clear	0	5
clearpoints	ERR:MATLAB:nargin:isScript	2
clearvars	0	2
clf	1	2
clim	-1	2
clip	1	2
clock	1	5
close	1	6
closereq	0	2
cluster	3	7
clusterdata	ERR:MATLAB:narginout:notValidMfile	0
cmap2gray	1	2
cmdscale	ERR:MATLAB:narginout:notValidMfile	0
cmpermute	2	2
cmunique	2	2
cohere	2	2
col2im	1	2
colfilt	1	2
colnames	ERR:MATLAB:narginout:notValidMfile	0
colon	1	5
colorangle	1	2
colorbar	1	2
colorcube	1	2
colordef	0	2
colororder	1	2
colperm	1	2
column	ERR:MATLAB:narginout:notValidMfile	0
combnk	ERR:MATLAB:narginout:notValidMfile	0
comet	0	2
comet3	0	2
compan	1	2
compass	1	2
complex	1	5
compose	1	2
computer	3	5
concat	1	0
cond	1	2
condeig	3	2
condest	2	2
coneplot	1	2
confusionmat	2	2
conj	1	5
conndef	1	2
containers	ERR:MATLAB:narginout:notValidMfile	0
contains	1	5
contour	2	2
contour3	3	2
contourc	1	5
contourf	3	2
contourslice	1	2
contrast	1	2
conv	1	2
conv2	1	5
convertCharsToStrings	-1	5
convertContainedStringsToChars	-1	5
convertStringsToChars	ERR:MATLAB:narginout:doesNotApply	5
convhull	-1	5
convhulln	2	2
convmtx	1	2
convmtx2	1	2
convn	1	2
cophenet	ERR:MATLAB:narginout:notValidMfile	0
copulacdf	ERR:MATLAB:narginout:notValidMfile	0
copulafit	ERR:MATLAB:narginout:notValidMfile	0
copulaparam	ERR:MATLAB:narginout:notValidMfile	0
copulapdf	ERR:MATLAB:narginout:notValidMfile	0
copularnd	ERR:MATLAB:narginout:notValidMfile	0
copulastat	ERR:MATLAB:narginout:notValidMfile	0
copyfile	3	5
copygraphics	0	6
copyobj	1	5
corr	3	0
corr2	1	2
corrcoef	4	2
corrcov	ERR:MATLAB:narginout:notValidMfile	0
corrmtx	2	2
cos	1	5
cosd	1	5
cosh	1	5
cot	1	2
cotd	1	2
coth	1	2
count	1	1
cov	1	2
coxphfit	ERR:MATLAB:narginout:notValidMfile	0
cplxpair	1	2
cpsd	-1	2
cputime	1	5
createns	ERR:MATLAB:narginout:notValidMfile	0
cross	1	2
crosstab	ERR:MATLAB:narginout:notValidMfile	0
csc	1	2
cscd	1	2
csch	1	2
csd	3	2
csvwrite	0	2
ctranspose	1	5
cummax	1	5
cummin	1	5
cumprod	1	5
cumsum	1	5
cumtrapz	1	2
curl	4	2
cusum	4	2
cylinder	3	2
czt	2	2
daspect	1	2
datacursormode	1	2
datasample	ERR:MATLAB:narginout:notValidMfile	0
dataTipInteraction	1	2
datawrap	2	2
date	1	2
datenum	1	2
dateshift	1	0
datestr	1	2
datetime	1	2
datevec	6	2
day	1	2
days	1	2
db	1	2
db2mag	1	2
db2pow	1	2
dblquad	1	2
dbscan	ERR:MATLAB:narginout:notValidMfile	0
dct	1	2
dct2	1	2
dctmtx	1	2
dde23	1	2
ddeget	1	2
ddensd	1	2
ddesd	1	2
ddeset	1	2
deal	-1	2
deblank	1	5
dec2base	1	2
dec2bin	1	5
dec2hex	1	5
decic	3	2
decimate	1	2
decomposition	1	2
deconv	2	2
deconvblind	2	2
deconvlucy	1	2
deconvreg	2	2
deconvwnr	1	2
decorrstretch	1	2
deg2rad	1	2
del2	1	2
delaunay	-1	5
delaunayn	1	2
delete	0	5
deltaE	1	2
demod	2	2
demosaic	1	2
dendrogram	ERR:MATLAB:narginout:notValidMfile	0
designfilt	-1	2
det	1	5
detrend	1	2
deval	2	2
dftmtx	1	2
diag	1	5
diary	0	5
dice	1	2
dictionary	ERR:MATLAB:narginout:notValidMfile	7
diffuse	1	2
digitalFilter	1	2
digitrevorder	2	2
dir	1	5
diric	1	2
disableDefaultInteractivity	0	2
discretize	2	2
disp	0	5
display	0	5
dissect	1	5
dither	1	2
divergence	1	2
dlmwrite	0	2
dmperm	6	5
dot	1	2
double	1	5
downsample	1	2
dpss	2	2
drawnow	0	5
dsearchn	2	2
dtw	3	2
dummyvar	ERR:MATLAB:narginout:notValidMfile	0
duration	1	2
dutycycle	5	2
dwtest	ERR:MATLAB:narginout:notValidMfile	0
ecdf	ERR:MATLAB:narginout:notValidMfile	0
ecdfhist	ERR:MATLAB:narginout:notValidMfile	0
echo	0	5
edge	4	2
edge3	1	2
edgetaper	1	2
edr	3	2
eig	3	5
eigs	3	2
ellip	-1	2
ellipap	3	2
ellipj	3	2
ellipke	2	2
ellipord	2	2
ellipsoid	3	2
enableDefaultInteractivity	0	2
enableLegacyExplorationModes	0	2
enbw	1	2
endsWith	1	5
entries	ERR:MATLAB:narginout:notValidMfile	0
entropy	1	2
entropyfilt	1	2
envelope	2	2
envspectrum	-1	2
eomday	1	2
eps	1	5
eq	1	5
eqtflength	4	2
erase	1	2
eraseBetween	1	2
erf	1	5
erfc	1	5
erfcinv	1	5
erfcx	1	5
erfinv	1	5
error	0	5
errorbar	1	2
etime	1	2
etree	2	5
etreeplot	0	2
eval	1	5
evalc	-1	5
evalin	-1	5
evcdf	ERR:MATLAB:narginout:notValidMfile	0
events	1	5
evfit	ERR:MATLAB:narginout:notValidMfile	0
evinv	ERR:MATLAB:narginout:notValidMfile	0
evlike	ERR:MATLAB:narginout:notValidMfile	0
evpdf	ERR:MATLAB:narginout:notValidMfile	0
evrnd	ERR:MATLAB:narginout:notValidMfile	0
evstat	ERR:MATLAB:narginout:notValidMfile	0
exceltime	1	0
ExhaustiveSearcher	ERR:MATLAB:narginout:notValidMfile	0
exist	1	5
exit	0	5
exp	1	5
expcdf	ERR:MATLAB:narginout:notValidMfile	0
expfit	ERR:MATLAB:narginout:notValidMfile	0
expint	1	2
expinv	ERR:MATLAB:narginout:notValidMfile	0
explike	ERR:MATLAB:narginout:notValidMfile	0
expm	1	2
expm1	1	5
ExponentialDistribution	ERR:MATLAB:narginout:notValidMfile	0
exportapp	0	6
exportfigure	ERR:MATLAB:narginout:notValidMfile	0
exportgraphics	0	6
exportsetupdlg	0	2
exppdf	ERR:MATLAB:narginout:notValidMfile	0
exprnd	ERR:MATLAB:narginout:notValidMfile	0
expstat	ERR:MATLAB:narginout:notValidMfile	0
extract	1	2
extractAfter	1	2
extractBefore	1	2
extractBetween	1	2
ExtremeValueDistribution	ERR:MATLAB:narginout:notValidMfile	0
eye	1	5
ezcontour	1	2
ezcontourf	1	2
ezmesh	1	2
ezmeshc	1	2
ezplot	1	2
ezplot3	1	2
ezpolar	1	2
ezsurf	1	2
ezsurfc	1	2
factor	1	2
factorial	1	2
falltime	5	2
false	1	5
fan2para	3	2
fanbeam	3	2
fcdf	ERR:MATLAB:narginout:notValidMfile	0
fclose	1	5
fcnchk	2	2
fcontour	1	2
feather	1	2
feof	1	5
ferror	2	5
feval	-1	5
ff2n	ERR:MATLAB:narginout:notValidMfile	0
fft	1	5
fft2	1	2
fftfilt	1	2
fftn	1	5
fftshift	1	2
fftw	1	5
fgetl	1	2
fgets	1	5
fibermetric	1	2
fieldnames	1	5
figure	1	5
fileattrib	3	5
filemarker	ERR:MATLAB:narginout:doesNotApply	5
fileparts	3	2
filesep	1	5
fill	1	5
fill3	1	5
fillgaps	1	2
fillmissing	2	2
filloutliers	5	2
filter	2	5
filter2	1	2
filternorm	1	2
filtfilt	1	2
filtic	1	2
filtord	1	2
filtstates	ERR:MATLAB:narginout:notValidMfile	0
fimplicit	-1	2
fimplicit3	-1	2
find	3	5
findall	1	2
findchangepts	2	2
finddelay	1	2
findgroups	-2	2
findobj	ERR:MATLAB:narginout:doesNotApply	5
findpeaks	4	2
findsignal	3	2
findstr	1	5
finv	ERR:MATLAB:narginout:notValidMfile	0
fir1	2	2
fir2	2	2
fircls	2	2
fircls1	2	2
firgauss	2	2
firls	2	2
firpm	3	2
firpmord	4	2
firrcos	2	2
firtype	1	2
fishertest	ERR:MATLAB:narginout:notValidMfile	0
fitdist	ERR:MATLAB:narginout:notValidMfile	0
fitgeotrans	1	2
fix	1	5
flattopwin	1	2
flintmax	1	5
flip	1	5
flipdim	1	2
fliplr	1	2
flipud	1	2
floor	1	5
fmesh	1	2
fminbnd	4	2
fminsearch	4	2
fopen	-1	5
format	1	5
formula	1	0
fpdf	ERR:MATLAB:narginout:notValidMfile	0
fplot	-1	2
fplot3	1	2
fprintf	1	5
fracfact	ERR:MATLAB:narginout:notValidMfile	0
fracfactgen	ERR:MATLAB:narginout:notValidMfile	0
frame2im	2	5
framesig	3	2
fread	2	5
freqs	2	2
freqspace	2	2
freqz	4	2
freqz2	3	2
frewind	0	2
friedman	ERR:MATLAB:narginout:notValidMfile	0
frnd	ERR:MATLAB:narginout:notValidMfile	0
fsamp2	1	2
fscanf	2	5
fseek	1	5
fspecial	1	2
fspecial3	1	2
fsst	3	2
fstat	ERR:MATLAB:narginout:notValidMfile	0
fsurf	1	2
ftell	1	5
ftrans2	1	2
full	1	5
fullfact	ERR:MATLAB:narginout:notValidMfile	0
fullfile	1	2
func2str	1	5
functions	1	5
funm	3	2
fwht	1	2
fwind1	1	2
fwind2	1	2
fwrite	1	5
fzero	4	2
gabor	1	2
gagerr	ERR:MATLAB:narginout:notValidMfile	0
gallery	-1	2
gamcdf	ERR:MATLAB:narginout:notValidMfile	0
gamfit	ERR:MATLAB:narginout:notValidMfile	0
gaminv	ERR:MATLAB:narginout:notValidMfile	0
gamlike	ERR:MATLAB:narginout:notValidMfile	0
gamma	1	5
GammaDistribution	ERR:MATLAB:narginout:notValidMfile	0
gammain	1	2
gammainc	1	5
gammaincinv	1	5
gammaln	1	5
gammaout	1	2
gampdf	ERR:MATLAB:narginout:notValidMfile	0
gamrnd	ERR:MATLAB:narginout:notValidMfile	0
gamstat	ERR:MATLAB:narginout:notValidMfile	0
gauspuls	3	2
gaussdesign	1	2
gaussfir	1	2
gausswin	1	2
gca	ERR:MATLAB:narginout:doesNotApply	5
gcbf	1	2
gcbo	ERR:MATLAB:narginout:doesNotApply	5
gcd	3	2
gcf	ERR:MATLAB:narginout:doesNotApply	5
gco	ERR:MATLAB:narginout:doesNotApply	5
ge	1	5
GeneralizedExtremeValueDistribution	ERR:MATLAB:narginout:notValidMfile	0
GeneralizedParetoDistribution	ERR:MATLAB:narginout:notValidMfile	0
genpath	1	2
geocdf	ERR:MATLAB:narginout:notValidMfile	0
geoinv	ERR:MATLAB:narginout:notValidMfile	0
geomean	ERR:MATLAB:narginout:notValidMfile	0
geopdf	ERR:MATLAB:narginout:notValidMfile	0
geornd	ERR:MATLAB:narginout:notValidMfile	0
geostat	ERR:MATLAB:narginout:notValidMfile	0
get	1	5
getappdata	ERR:MATLAB:narginout:doesNotApply	5
getenv	1	5
getfield	1	2
getframe	2	2
getpoints	ERR:MATLAB:nargin:isScript	2
gevcdf	ERR:MATLAB:narginout:notValidMfile	0
gevfit	ERR:MATLAB:narginout:notValidMfile	0
gevinv	ERR:MATLAB:narginout:notValidMfile	0
gevlike	ERR:MATLAB:narginout:notValidMfile	0
gevpdf	ERR:MATLAB:narginout:notValidMfile	0
gevrnd	ERR:MATLAB:narginout:notValidMfile	0
gevstat	ERR:MATLAB:narginout:notValidMfile	0
ginput	3	2
glmfit	ERR:MATLAB:narginout:notValidMfile	0
glmval	ERR:MATLAB:narginout:notValidMfile	0
glyphplot	ERR:MATLAB:narginout:notValidMfile	0
gmonopuls	1	2
gmres	5	2
gobjects	1	2
goertzel	1	2
gpcdf	ERR:MATLAB:narginout:notValidMfile	0
gpfit	ERR:MATLAB:narginout:notValidMfile	0
gpinv	ERR:MATLAB:narginout:notValidMfile	0
gplike	ERR:MATLAB:narginout:notValidMfile	0
gplot	2	2
gplotmatrix	ERR:MATLAB:narginout:notValidMfile	0
gppdf	ERR:MATLAB:narginout:notValidMfile	0
gprnd	ERR:MATLAB:narginout:notValidMfile	0
gpstat	ERR:MATLAB:narginout:notValidMfile	0
gradient	-1	2
gradientweight	1	2
gray2ind	2	2
graycomatrix	2	2
grayconnected	1	2
graycoprops	1	2
graydiffweight	1	2
graydist	1	2
grayslice	1	2
graythresh	2	2
grid	0	2
griddata	3	2
griddatan	1	2
griddedInterpolant	ERR:MATLAB:narginout:notValidMfile	2
groot	ERR:MATLAB:narginout:doesNotApply	5
groupcounts	3	2
groupfilter	2	2
groupsummary	3	2
grouptransform	2	2
grp2idx	ERR:MATLAB:narginout:notValidMfile	0
grpdelay	2	2
grpstats	ERR:MATLAB:narginout:notValidMfile	0
gscatter	ERR:MATLAB:narginout:notValidMfile	0
gsvd	5	2
gt	1	5
gtext	1	2
guidata	1	2
hadamard	1	2
HalfNormalDistribution	ERR:MATLAB:narginout:notValidMfile	0
hamming	1	2
hampel	4	2
hankel	1	2
hann	1	2
hanning	1	2
harmmean	ERR:MATLAB:narginout:notValidMfile	0
head	1	2
heatmap	1	2
height	1	2
help	2	2
hess	4	5
hex2dec	1	5
hex2num	1	2
hgexport	-1	6
hggroup	ERR:MATLAB:narginout:doesNotApply	5
hgload	2	2
hgsave	0	2
hgtransform	ERR:MATLAB:narginout:doesNotApply	5
hidden	1	2
highpass	-1	2
hilb	1	2
hilbert	1	2
hist	2	2
hist3	ERR:MATLAB:narginout:notValidMfile	0
histc	2	5
histcounts	3	2
histcounts2	5	2
histeq	2	2
histfit	ERR:MATLAB:narginout:notValidMfile	0
histogram	1	2
histogram2	1	2
hmmdecode	ERR:MATLAB:narginout:notValidMfile	0
hmmestimate	ERR:MATLAB:narginout:notValidMfile	0
hmmgenerate	ERR:MATLAB:narginout:notValidMfile	0
hmmtrain	ERR:MATLAB:narginout:notValidMfile	0
hmmviterbi	ERR:MATLAB:narginout:notValidMfile	0
hms	-1	0
hold	0	2
home	0	5
horzcat	1	5
hougen	ERR:MATLAB:narginout:notValidMfile	0
hough	3	2
houghlines	1	2
houghpeaks	1	2
hour	1	2
hours	1	2
hsv2rgb	3	2
hygecdf	ERR:MATLAB:narginout:notValidMfile	0
hygeinv	ERR:MATLAB:narginout:notValidMfile	0
hygepdf	ERR:MATLAB:narginout:notValidMfile	0
hygernd	ERR:MATLAB:narginout:notValidMfile	0
hygestat	ERR:MATLAB:narginout:notValidMfile	0
hypot	1	5
icceps	1	2
icdf	ERR:MATLAB:narginout:notValidMfile	0
ichol	1	5
idct	1	2
idct2	1	2
idivide	1	2
ifanbeam	2	2
ifft	1	5
ifft2	1	2
ifftn	1	5
ifftshift	1	2
ifsst	1	2
ifwht	1	2
illumgray	1	2
illumpca	1	2
illumwhite	1	2
ilu	3	5
im2col	1	2
im2double	1	2
im2frame	1	5
im2gray	1	2
im2int16	1	2
im2mat	ERR:MATLAB:narginout:notValidMfile	0
im2single	1	2
im2uint16	1	2
im2uint8	1	2
imabsdiff	1	2
imadd	1	2
imadjust	1	2
imadjustn	1	2
imag	1	5
image	1	5
imagesc	1	2
imapplymatrix	1	2
imapprox	2	2
imbilatfilt	1	2
imbinarize	1	2
imbothat	1	2
imboxfilt	1	2
imboxfilt3	1	2
imcentroid	ERR:MATLAB:narginout:notValidMfile	0
imclearborder	1	2
imclose	1	2
imcolordiff	1	2
imcomplement	1	2
imcontour	2	2
imcrop	-1	2
imcrop3	1	2
imdiffuseest	2	2
imdiffusefilt	1	2
imdilate	1	2
imdivide	1	2
imerode	1	2
imextendedmax	1	2
imextendedmin	1	2
imfill	2	2
imfilter	1	2
imfindcircles	3	2
imfinfo	1	2
imflatfield	1	2
imfuse	2	2
imgaborfilt	2	2
imgaussfilt	1	2
imgaussfilt3	1	2
imgradient	2	2
imgradient3	3	2
imgradientxy	2	2
imgradientxyz	3	2
imguidedfilter	1	2
imhist	2	2
imhistmatch	-1	2
imhistmatchn	-1	2
imhmax	1	2
imhmin	1	2
imimposemin	1	2
imlincomb	1	2
imlocalbrighten	2	2
immse	1	2
immultiply	1	2
imnlmfilt	-1	2
imnoise	1	2
imopen	1	2
imoverlay	1	2
impinvar	2	2
impixel	-1	2
improfile	-1	2
impyramid	1	2
impz	-1	2
impzlength	1	2
imquantize	2	2
imread	3	2
imreconstruct	1	2
imreducehaze	3	2
imref2d	1	2
imregcorr	2	2
imregionalmax	1	2
imregionalmin	1	2
imresize	2	2
imresize3	1	2
imrotate	-1	2
imrotate3	1	2
imsegfmm	2	2
imsegkmeans	2	2
imsegkmeans3	2	2
imsharpen	1	2
imshow	1	2
imshowpair	-1	2
imsplit	-1	2
imsubtract	1	2
imtile	1	2
imtophat	1	2
imtranslate	2	2
imwarp	2	2
imwrite	0	2
inconsistent	ERR:MATLAB:narginout:notValidMfile	0
ind2gray	1	2
ind2rgb	3	2
ind2sub	-3	2
indexof	ERR:MATLAB:narginout:notValidMfile	0
info	0	2
inline	1	2
inlineeval	1	2
inpolygon	2	2
input	1	5
inputname	1	5
insert	ERR:MATLAB:narginout:notValidMfile	0
insertAfter	1	2
insertBefore	1	2
int2str	1	2
integral	1	2
integral2	1	2
integral3	1	2
integralBoxFilter	1	2
integralBoxFilter3	1	2
integralImage	1	2
integralImage3	1	2
interactionplot	ERR:MATLAB:narginout:notValidMfile	0
interp	2	2
interp1	1	2
interp1q	1	2
interp2	1	2
interp3	1	2
interpft	1	2
interpn	1	2
interpstreamspeed	1	2
intersect	-1	2
intfilt	2	2
intlut	1	2
intmax	1	5
intmin	1	5
inv	1	5
InverseGaussianDistribution	ERR:MATLAB:narginout:notValidMfile	0
invfreqs	2	2
invfreqz	2	2
invhilb	1	2
invpred	ERR:MATLAB:narginout:notValidMfile	0
ipermute	1	2
iptcheckconn	0	2
iptgetpref	1	2
iptsetpref	-1	2
iqr	2	2
iradon	2	2
is2rc	1	2
isa	1	5
isallpass	1	2
isappdata	ERR:MATLAB:narginout:doesNotApply	5
isbanded	1	5
isbetween	1	2
iscalendarduration	1	2
iscell	1	5
iscellstr	1	5
ischange	-1	2
ischar	1	5
iscola	3	2
iscolumn	1	5
isConfigured	ERR:MATLAB:narginout:notValidMfile	0
isdatetime	1	2
isdiag	1	5
isdouble	ERR:MATLAB:narginout:notValidMfile	0
isdst	1	0
isduration	1	2
isempty	1	5
isequal	1	5
isequaln	1	5
isequalwithequalnans	1	2
isfield	1	5
isfile	1	5
isfinite	1	5
isfir	ERR:MATLAB:narginout:notValidMfile	0
isfloat	1	5
isfolder	1	5
isgraphics	ERR:MATLAB:narginout:doesNotApply	5
ishandle	1	5
ishermitian	1	5
ishghandle	ERR:MATLAB:narginout:doesNotApply	5
ishold	1	2
isIllConditioned	ERR:MATLAB:narginout:notValidMfile	0
isinf	1	5
isinteger	1	5
isKey	ERR:MATLAB:narginout:notValidMfile	0
isletter	1	5
islinphase	1	2
islocalmax	2	2
islocalmin	2	2
islogical	1	5
ismac	1	5
ismatrix	1	5
ismaxphase	1	2
ismember	2	2
ismembertol	2	5
isminphase	1	2
ismissing	1	2
isnan	1	5
isnat	1	0
isnumeric	1	5
isobject	1	5
isocaps	3	2
isocolors	1	2
isonormals	1	2
isosurface	3	2
isoutlier	4	2
ispc	1	5
isprime	1	2
isprop	1	6
isreal	1	5
isrow	1	5
isscalar	1	5
issingle	ERR:MATLAB:narginout:notValidMfile	0
issorted	1	5
issortedrows	1	5
isspace	1	5
issparse	1	5
isstable	1	2
isstr	1	5
isstring	1	5
isStringScalar	1	2
isstrprop	1	5
isstruct	1	5
isstudent	1	5
issymmetric	1	5
istable	1	2
istft	2	2
istimetable	1	2
istril	1	5
istriu	1	5
isuniform	2	5
isunix	1	5
isvalid	ERR:MATLAB:narginout:notValidMfile	0
isvarname	-1	5
isvector	1	5
iwishrnd	ERR:MATLAB:narginout:notValidMfile	0
jaccard	1	2
jackknife	ERR:MATLAB:narginout:notValidMfile	0
jbtest	ERR:MATLAB:narginout:notValidMfile	0
johnsrnd	ERR:MATLAB:narginout:notValidMfile	0
join	1	2
jsondecode	1	5
jsonencode	1	5
juliandate	1	2
kaiser	1	2
kaiserord	4	2
KDTreeSearcher	1	2
KernelDistribution	ERR:MATLAB:narginout:notValidMfile	0
keys	ERR:MATLAB:narginout:notValidMfile	0
kmeans	ERR:MATLAB:narginout:notValidMfile	0
kmedoids	ERR:MATLAB:narginout:notValidMfile	0
knnsearch	2	0
kron	1	2
kruskalwallis	ERR:MATLAB:narginout:notValidMfile	0
ksdensity	ERR:MATLAB:narginout:notValidMfile	0
kstest	ERR:MATLAB:narginout:notValidMfile	0
kstest2	ERR:MATLAB:narginout:notValidMfile	0
kurtogram	-1	2
kurtosis	ERR:MATLAB:narginout:notValidMfile	0
lab2double	1	2
lab2rgb	1	2
lab2uint16	1	2
lab2uint8	1	2
lab2xyz	1	2
label2idx	1	2
label2rgb	1	2
labelmatrix	1	2
labeloverlay	1	2
lar2rc	1	2
lasso	ERR:MATLAB:narginout:notValidMfile	0
lassoglm	ERR:MATLAB:narginout:notValidMfile	0
lassoPlot	ERR:MATLAB:narginout:notValidMfile	0
lasterr	2	5
lasterror	1	5
lastwarn	2	5
latc2tf	2	2
latcfilt	3	2
lcm	1	2
ldivide	1	5
ldl	4	5
le	1	5
legend	-1	2
legendre	1	2
length	1	5
leverage	ERR:MATLAB:narginout:notValidMfile	0
levinson	3	2
lhsdesign	ERR:MATLAB:narginout:notValidMfile	0
lhsnorm	ERR:MATLAB:narginout:notValidMfile	0
license	ERR:MATLAB:narginout:doesNotApply	5
light	1	5
lightangle	2	2
lighting	0	2
lillietest	ERR:MATLAB:narginout:notValidMfile	0
lin2rgb	1	2
line	1	5
linhyptest	ERR:MATLAB:narginout:notValidMfile	0
linkage	ERR:MATLAB:narginout:notValidMfile	0
linkaxes	0	2
linkprop	1	2
linsolve	2	5
linspace	1	2
listener	ERR:MATLAB:narginout:notValidMfile	0
load	1	5
loadfigure	ERR:MATLAB:narginout:notValidMfile	0
log	1	5
log10	1	5
log1p	1	5
log2	2	5
logical	1	5
LogisticDistribution	ERR:MATLAB:narginout:notValidMfile	0
loglog	1	5
LoglogisticDistribution	ERR:MATLAB:narginout:notValidMfile	0
logm	2	2
logncdf	ERR:MATLAB:narginout:notValidMfile	0
lognfit	ERR:MATLAB:narginout:notValidMfile	0
logninv	ERR:MATLAB:narginout:notValidMfile	0
lognlike	ERR:MATLAB:narginout:notValidMfile	0
LognormalDistribution	ERR:MATLAB:narginout:notValidMfile	0
lognpdf	ERR:MATLAB:narginout:notValidMfile	0
lognrnd	ERR:MATLAB:narginout:notValidMfile	0
lognstat	ERR:MATLAB:narginout:notValidMfile	0
logspace	1	2
LoguniformDistribution	ERR:MATLAB:narginout:notValidMfile	0
lookfor	1	2
lookup	ERR:MATLAB:narginout:notValidMfile	0
lower	1	5
lowpass	-1	2
lp2bp	4	2
lp2bs	4	2
lp2hp	4	2
lp2lp	4	2
lpc	2	2
ls	-1	2
lscov	4	2
lsf2poly	1	2
lsline	ERR:MATLAB:narginout:notValidMfile	0
lsqminnorm	1	2
lsqnonneg	6	2
lsqr	6	2
lt	1	5
lu	5	5
mad	ERR:MATLAB:narginout:notValidMfile	0
mag2db	1	2
magic	1	2
mahal	ERR:MATLAB:narginout:notValidMfile	0
maineffectsplot	ERR:MATLAB:narginout:notValidMfile	0
makedist	1	2
makehgtform	1	2
makelut	1	2
makima	1	2
manova1	ERR:MATLAB:narginout:notValidMfile	0
manovacluster	ERR:MATLAB:narginout:notValidMfile	0
mape	1	2
marcumq	1	2
mat2gray	1	2
mat2im	ERR:MATLAB:narginout:notValidMfile	0
mat2str	1	2
matches	1	5
matchpairs	3	2
material	-1	2
matfile	1	2
matlabdrive	ERR:MATLAB:narginout:doesNotApply	5
matlabroot	1	5
max	2	5
maxflat	6	2
maxhessiannorm	1	2
maxk	2	5
maxNumCompThreads	1	5
mean	1	2
mean2	1	2
meanfreq	2	2
medfilt1	1	2
medfilt2	1	2
medfilt3	1	2
medfreq	2	2
median	1	2
membrane	1	2
memory	2	5
mesh	1	2
meshc	1	2
meshgrid	3	2
meshz	1	2
metaclass	1	5
methods	1	5
MException	ERR:MATLAB:narginout:notValidMfile	8
mfilename	1	5
mhsample	ERR:MATLAB:narginout:notValidMfile	0
microseconds	ERR:MATLAB:narginout:notValidMfile	0
microstrip	ERR:MATLAB:narginout:notValidMfile	0
microstripw	ERR:MATLAB:narginout:notValidMfile	0
midcross	2	2
milliseconds	1	2
min	2	5
mink	2	5
minres	6	2
minus	1	5
minute	1	2
minutes	1	2
missing	1	2
mkdir	3	5
mkpp	1	2
mldivide	1	5
mle	1	0
mlecov	ERR:MATLAB:narginout:notValidMfile	0
mnpdf	ERR:MATLAB:narginout:notValidMfile	0
mnrfit	ERR:MATLAB:narginout:notValidMfile	0
mnrnd	ERR:MATLAB:narginout:notValidMfile	0
mnrval	ERR:MATLAB:narginout:notValidMfile	0
mod	1	5
modalfit	-1	2
modalfrf	-1	2
modalsd	-1	2
mode	3	2
modefilt	1	2
modulate	2	2
moment	ERR:MATLAB:narginout:notValidMfile	0
montage	1	2
month	2	2
more	0	5
movefile	3	5
movie	0	6
movmad	1	5
movmax	1	5
movmean	1	5
movmedian	1	5
movmin	1	5
movprod	1	5
movstd	1	5
movsum	1	5
movvar	1	5
mpower	1	2
mrdivide	1	5
mscohere	-1	2
mtimes	1	5
multcompare	ERR:MATLAB:narginout:notValidMfile	0
MultinomialDistribution	ERR:MATLAB:narginout:notValidMfile	0
multissim	2	2
multissim3	2	2
multithresh	2	2
multivarichart	ERR:MATLAB:narginout:notValidMfile	0
mustBeA	0	5
mustBeFile	0	2
mustBeFinite	0	2
mustBeFloat	0	2
mustBeFolder	0	2
mustBeGreaterThan	0	2
mustBeGreaterThanOrEqual	0	2
mustBeInRange	0	2
mustBeInteger	0	2
mustBeLessThan	0	2
mustBeLessThanOrEqual	0	2
mustBeMember	0	2
mustBeNegative	0	2
mustBeNonempty	0	2
mustBeNonNan	0	2
mustBeNonnegative	0	2
mustBeNonpositive	0	2
mustBeNonsparse	0	2
mustBeNonzero	0	2
mustBeNumeric	0	2
mustBeNumericOrLogical	0	2
mustBePositive	0	2
mustBeReal	0	2
mustBeScalarOrEmpty	0	2
mustBeText	0	2
mustBeTextScalar	0	2
mustBeValidVariableName	0	2
mustBeVector	0	2
mvksdensity	ERR:MATLAB:narginout:notValidMfile	0
mvncdf	ERR:MATLAB:narginout:notValidMfile	0
mvnpdf	ERR:MATLAB:narginout:notValidMfile	0
mvnrnd	ERR:MATLAB:narginout:notValidMfile	0
mvregress	ERR:MATLAB:narginout:notValidMfile	0
mvregresslike	ERR:MATLAB:narginout:notValidMfile	0
mvtcdf	ERR:MATLAB:narginout:notValidMfile	0
mvtpdf	ERR:MATLAB:narginout:notValidMfile	0
mvtrnd	ERR:MATLAB:narginout:notValidMfile	0
NakagamiDistribution	ERR:MATLAB:narginout:notValidMfile	0
namelengthmax	1	5
nancov	ERR:MATLAB:narginout:notValidMfile	0
nanmax	ERR:MATLAB:narginout:notValidMfile	0
nanmean	ERR:MATLAB:narginout:notValidMfile	0
nanmedian	ERR:MATLAB:narginout:notValidMfile	0
nanmin	ERR:MATLAB:narginout:notValidMfile	0
nanoseconds	ERR:MATLAB:narginout:notValidMfile	0
nanstd	ERR:MATLAB:narginout:notValidMfile	0
nansum	ERR:MATLAB:narginout:notValidMfile	0
nanvar	ERR:MATLAB:narginout:notValidMfile	0
nargchk	1	5
nargin	1	5
narginchk	1	5
nargout	1	5
nargoutchk	1	5
NaT	1	2
native2unicode	1	5
nbincdf	ERR:MATLAB:narginout:notValidMfile	0
nbinfit	ERR:MATLAB:narginout:notValidMfile	0
nbininv	ERR:MATLAB:narginout:notValidMfile	0
nbinpdf	ERR:MATLAB:narginout:notValidMfile	0
nbinrnd	ERR:MATLAB:narginout:notValidMfile	0
nbinstat	ERR:MATLAB:narginout:notValidMfile	0
ncfcdf	ERR:MATLAB:narginout:notValidMfile	0
ncfinv	ERR:MATLAB:narginout:notValidMfile	0
ncfpdf	ERR:MATLAB:narginout:notValidMfile	0
ncfrnd	ERR:MATLAB:narginout:notValidMfile	0
ncfstat	ERR:MATLAB:narginout:notValidMfile	0
nchoosek	1	2
nctcdf	ERR:MATLAB:narginout:notValidMfile	0
nctinv	ERR:MATLAB:narginout:notValidMfile	0
nctpdf	ERR:MATLAB:narginout:notValidMfile	0
nctrnd	ERR:MATLAB:narginout:notValidMfile	0
nctstat	ERR:MATLAB:narginout:notValidMfile	0
ncx2cdf	ERR:MATLAB:narginout:notValidMfile	0
ncx2inv	ERR:MATLAB:narginout:notValidMfile	0
ncx2pdf	ERR:MATLAB:narginout:notValidMfile	0
ncx2rnd	ERR:MATLAB:narginout:notValidMfile	0
ncx2stat	ERR:MATLAB:narginout:notValidMfile	0
ndgrid	-1	2
ndims	1	5
ne	1	5
nearcorr	ERR:MATLAB:narginout:notValidMfile	0
NegativeBinomialDistribution	ERR:MATLAB:narginout:notValidMfile	0
negloglik	ERR:MATLAB:narginout:notValidMfile	0
newplot	1	2
nextpow2	1	2
nexttile	1	6
nlfilter	1	2
nlinfit	ERR:MATLAB:narginout:notValidMfile	0
nlparci	ERR:MATLAB:narginout:notValidMfile	0
nlpredci	ERR:MATLAB:narginout:notValidMfile	0
nnmf	ERR:MATLAB:narginout:notValidMfile	0
nnz	1	5
nonzeros	1	5
norm	1	5
NormalDistribution	ERR:MATLAB:narginout:notValidMfile	0
normalize	3	2
normcdf	ERR:MATLAB:narginout:notValidMfile	0
normest	2	2
normest1	4	2
normfit	ERR:MATLAB:narginout:notValidMfile	0
norminv	ERR:MATLAB:narginout:notValidMfile	0
normlike	ERR:MATLAB:narginout:notValidMfile	0
normpdf	ERR:MATLAB:narginout:notValidMfile	0
normplot	1	0
normrnd	ERR:MATLAB:narginout:notValidMfile	0
normspec	ERR:MATLAB:narginout:notValidMfile	0
normstat	ERR:MATLAB:narginout:notValidMfile	0
normxcorr2	1	2
not	1	5
notify	ERR:MATLAB:narginout:notValidMfile	0
now	1	2
nthroot	1	2
ntsc2rgb	1	2
null	1	2
num	ERR:MATLAB:narginout:notValidMfile	0
num2cell	1	2
num2hex	1	2
num2ruler	1	2
num2str	1	2
numel	1	5
numEntries	ERR:MATLAB:narginout:notValidMfile	0
nuttallwin	1	2
nzmax	1	5
obliqueslice	4	2
obw	4	2
ode113	-1	2
ode15i	-1	2
ode15s	-1	2
ode23	-1	2
ode23s	-1	2
ode23t	-1	2
ode23tb	-1	2
ode45	-1	2
ode78	-1	2
ode89	-1	2
odeget	1	2
odephas2	1	2
odephas3	1	2
odeplot	1	2
odeprint	1	2
odeset	1	2
odextend	1	2
offsetstrel	1	2
onehotdecode	1	2
onehotencode	1	2
ones	1	5
open	1	2
openfig	1	2
opengl	ERR:MATLAB:narginout:doesNotApply	5
optimalleaforder	ERR:MATLAB:narginout:notValidMfile	0
optimget	1	2
optimplotfunccount	1	2
optimplotfval	1	2
optimplotx	1	2
optimset	1	2
or	1	5
ordeig	1	5
orderfields	2	2
orderspectrum	-1	2
ordertrack	-1	2
orderwaveform	1	2
ordfilt2	1	2
ordqz	4	5
ordschur	2	5
orient	-1	2
orth	1	2
otf2psf	1	2
otsuthresh	2	2
overshoot	3	2
pack	ERR:MATLAB:narginout:notValidMfile	0
pad	1	2
padarray	1	2
pagesetupdlg	-1	2
pan	1	2
panInteraction	1	2
para2fan	3	2
parallelcoords	ERR:MATLAB:narginout:notValidMfile	0
paramci	ERR:MATLAB:narginout:notValidMfile	0
pareto	2	2
paretotails	ERR:MATLAB:narginout:notValidMfile	0
partialcorr	ERR:MATLAB:narginout:notValidMfile	0
partialcorri	ERR:MATLAB:narginout:notValidMfile	0
parzenwin	1	2
pascal	1	2
patch	1	5
path	1	2
pathsep	1	2
pause	0	5
pbaspect	1	2
pburg	-1	2
pca	ERR:MATLAB:narginout:notValidMfile	0
pcacov	ERR:MATLAB:narginout:notValidMfile	0
pcares	ERR:MATLAB:narginout:notValidMfile	0
pcg	5	2
pchip	1	2
pcolor	1	2
pcov	-1	2
pdepe	-1	2
pdeval	2	2
pdf	ERR:MATLAB:narginout:notValidMfile	0
pdist	2	0
pdist2	ERR:MATLAB:narginout:notValidMfile	0
peak2peak	1	2
peak2rms	1	2
peaks	3	2
pearsrnd	ERR:MATLAB:narginout:notValidMfile	0
peig	-1	2
percentile	ERR:MATLAB:narginout:notValidMfile	0
perfcurve	7	2
periodogram	4	2
perms	1	2
permute	1	5
phantom	2	2
phasedelay	-1	2
phasez	-1	2
pie	1	2
pie3	1	2
PiecewiseLinearDistribution	ERR:MATLAB:narginout:notValidMfile	0
pinv	1	2
planerot	2	2
plomb	-1	2
plot	1	5
plot3	1	5
plotmatrix	5	2
plotyy	3	2
plsregress	ERR:MATLAB:narginout:notValidMfile	0
plus	1	5
pmcov	-1	2
pmem	-1	2
pmtm	-1	2
pmusic	-1	2
poisscdf	ERR:MATLAB:narginout:notValidMfile	0
poissfit	ERR:MATLAB:narginout:notValidMfile	0
poissinv	ERR:MATLAB:narginout:notValidMfile	0
PoissonDistribution	ERR:MATLAB:narginout:notValidMfile	0
poisspdf	ERR:MATLAB:narginout:notValidMfile	0
poissrnd	ERR:MATLAB:narginout:notValidMfile	0
poisstat	ERR:MATLAB:narginout:notValidMfile	0
pol2cart	3	2
polar	1	2
polaraxes	1	5
polarbubblechart	1	2
polarhistogram	1	2
polarplot	1	2
polarscatter	1	2
poly	1	2
poly2ac	1	2
poly2label	1	2
poly2lsf	1	2
poly2mask	1	2
poly2rc	3	2
polyarea	1	2
polyconf	ERR:MATLAB:narginout:notValidMfile	0
polyder	2	2
polyeig	3	2
polyfit	3	2
polyint	1	2
polyscale	1	2
polystab	1	2
polyval	2	2
polyvalm	1	2
posixtime	1	0
pow	ERR:MATLAB:narginout:notValidMfile	0
pow2	1	5
pow2db	1	2
power	1	5
powerbw	4	2
ppca	ERR:MATLAB:narginout:notValidMfile	0
ppval	1	2
prctile	1	2
primes	1	2
print	-1	2
printdlg	-1	2
printpreview	-1	2
probplot	ERR:MATLAB:narginout:notValidMfile	0
procrustes	ERR:MATLAB:narginout:notValidMfile	0
prod	1	5
proflik	ERR:MATLAB:narginout:notValidMfile	0
projective2d	1	2
prony	2	2
properties	1	5
psd	3	2
psf2otf	1	2
psi	1	5
psnr	2	2
pulseperiod	5	2
pulsesep	5	2
pulsewidth	4	2
pulstran	1	2
pwd	1	2
pwelch	-1	2
pyulear	-1	2
qmr	5	2
qqplot	ERR:MATLAB:narginout:notValidMfile	0
qr	3	5
qrdelete	2	2
qrinsert	2	2
qrupdate	2	5
qtdecomp	1	2
qtgetblk	3	2
qtsetblk	1	2
quad	2	2
quad2d	2	2
quadgk	2	2
quadl	2	2
quadv	2	2
quantile	1	2
quarter	1	2
quit	0	5
quiver	1	2
quiver3	1	2
qz	6	5
rad2deg	1	2
radon	2	2
rainflow	-1	2
rand	1	5
randg	ERR:MATLAB:narginout:doesNotApply	5
randi	1	5
randn	1	5
random	ERR:MATLAB:narginout:notValidMfile	0
randperm	1	5
randsample	ERR:MATLAB:narginout:notValidMfile	0
range	2	7
rangefilt	1	2
rangesearch	2	0
rank	1	2
ranksum	ERR:MATLAB:narginout:notValidMfile	0
rat	2	2
rats	1	2
raylcdf	ERR:MATLAB:narginout:notValidMfile	0
RayleighDistribution	ERR:MATLAB:narginout:notValidMfile	0
raylfit	ERR:MATLAB:narginout:notValidMfile	0
raylinv	ERR:MATLAB:narginout:notValidMfile	0
raylpdf	ERR:MATLAB:narginout:notValidMfile	0
raylrnd	ERR:MATLAB:narginout:notValidMfile	0
raylstat	ERR:MATLAB:narginout:notValidMfile	0
rc2ac	1	2
rc2is	1	2
rc2lar	1	2
rc2poly	-1	2
rceps	2	2
rcond	1	5
rcoplot	ERR:MATLAB:narginout:notValidMfile	0
rcosdesign	1	2
rdivide	1	5
readcell	1	2
readcsv	ERR:MATLAB:narginout:notValidMfile	0
readlines	1	2
readmatrix	1	2
readtable	1	2
readtimetable	1	2
readxlsx	ERR:MATLAB:narginout:notValidMfile	0
real	1	5
reallog	1	2
realmax	1	5
realmin	1	5
realpow	1	2
realsqrt	1	2
rectangle	1	5
rectint	1	2
rectpuls	1	2
rectwin	1	2
recycle	1	5
reducepatch	2	2
reducepoly	1	2
reducevolume	4	2
refcurve	ERR:MATLAB:narginout:notValidMfile	0
refline	ERR:MATLAB:narginout:notValidMfile	0
refresh	0	2
refreshdata	0	2
regexp	-1	5
regexpi	-1	5
regexprep	1	5
regexptranslate	1	5
regionfill	1	2
regionprops	1	2
regionprops3	1	2
regionZoomInteraction	1	2
regress	ERR:MATLAB:narginout:notValidMfile	0
regstats	ERR:MATLAB:narginout:notValidMfile	0
rehash	0	5
rem	1	5
remez	3	2
remezord	4	2
remove	ERR:MATLAB:narginout:notValidMfile	0
removeToolbarExplorationButtons	0	6
rendererinfo	1	6
repelem	1	5
replace	1	2
replaceBetween	1	2
repmat	1	5
resample	-1	2
rescale	1	2
reset	0	5
reshape	1	5
residue	3	2
residuez	3	2
rethrow	0	5
reverse	1	2
rffreq	ERR:MATLAB:narginout:notValidMfile	0
rfparam	-1	2
rfplot	-1	2
rgb2gray	1	2
rgb2hsv	3	2
rgb2ind	2	2
rgb2lab	1	2
rgb2lightness	1	2
rgb2lin	1	2
rgb2ntsc	1	2
rgb2xyz	1	2
rgb2ycbcr	1	2
rgbplot	0	2
ribbon	1	2
RicianDistribution	ERR:MATLAB:narginout:notValidMfile	0
ridge	ERR:MATLAB:narginout:notValidMfile	0
rigid2d	1	2
risetime	5	2
rlevinson	4	2
rlim	-1	2
rmappdata	0	5
rmdir	3	5
rmfield	1	2
rmmissing	2	2
rmoutliers	6	2
rmpath	1	2
rms	1	2
rmse	1	2
rng	1	2
robustcov	ERR:MATLAB:narginout:notValidMfile	0
robustfit	ERR:MATLAB:narginout:notValidMfile	0
roicolor	1	2
roifilt2	1	2
roipoly	-1	2
rooteig	-1	2
rootmusic	2	2
roots	1	2
rose	2	2
rosser	1	2
rot90	1	2
rotate	0	2
rotate3d	1	2
rotatefactors	ERR:MATLAB:narginout:notValidMfile	0
rotateInteraction	1	2
round	1	5
rowcount	ERR:MATLAB:narginout:notValidMfile	0
rowfun	1	0
rpmfreqmap	-1	2
rpmordermap	-1	2
rref	2	2
rsf2csf	2	2
rssq	1	2
rtickangle	-1	2
rtickformat	-1	2
rticklabels	-1	2
rticks	-1	2
ruler2num	1	2
rulerPanInteraction	1	2
run	0	2
runstest	ERR:MATLAB:narginout:notValidMfile	0
s2abcd	1	2
s2y	1	2
s2z	1	2
sampsizepwr	ERR:MATLAB:narginout:notValidMfile	0
save	0	5
saveas	0	2
savefig	0	2
savefigure	0	2
sawtooth	1	2
scaleFilterSections	1	2
scatter	1	2
scatter3	1	2
scatteredInterpolant	ERR:MATLAB:narginout:notValidMfile	2
scatterhist	ERR:MATLAB:narginout:notValidMfile	0
scatterhistogram	1	2
schur	2	2
schurrc	2	2
sec	1	2
secd	1	2
sech	1	2
second	1	2
seconds	1	2
semilogx	1	5
semilogy	1	5
seqperiod	ERR:MATLAB:narginout:doesNotApply	3
set	1	5
setappdata	0	5
setdiff	-1	2
setenv	0	2
setfield	1	2
setstr	1	5
settlingtime	3	2
setxor	3	2
sfdr	3	2
sgolay	2	2
sgolayfilt	1	2
sgtitle	1	2
shading	0	2
shg	0	2
shiftdata	3	2
shiftdim	2	2
show	ERR:MATLAB:narginout:notValidMfile	0
shrinkfaces	2	2
sign	1	5
signrank	ERR:MATLAB:narginout:notValidMfile	0
signtest	ERR:MATLAB:narginout:notValidMfile	0
silhouette	ERR:MATLAB:narginout:notValidMfile	0
sin	1	5
sinad	2	2
sinc	1	2
sind	1	5
single	1	5
sinh	1	5
size	-1	5
skewness	ERR:MATLAB:narginout:notValidMfile	0
slewrate	5	2
slice	1	2
slicesample	ERR:MATLAB:narginout:notValidMfile	0
smithplot	-1	2
smooth3	1	2
smoothdata	2	2
snr	2	2
sort	2	5
sortrows	2	2
sos2cell	1	2
sos2ctf	2	2
sos2ss	4	2
sos2tf	2	2
sos2zp	3	2
sosfilt	1	2
sound	0	2
spalloc	1	2
sparameters	1	2
sparse	1	5
spaugment	1	2
spconvert	1	2
spdiags	2	2
specgram	3	2
spectralcluster	ERR:MATLAB:narginout:notValidMfile	0
spectralCrest	3	2
spectralEntropy	-1	2
spectralFlatness	3	2
spectralKurtosis	5	2
spectralSkewness	3	2
spectrogram	-1	2
spectrum	2	2
specular	1	2
speye	1	5
spfun	1	2
sph2cart	3	2
sphere	3	2
spline	1	2
split	-1	2
splitapply	-1	2
splitlines	1	2
spones	1	2
sprand	1	2
sprandn	1	2
sprandsym	1	2
sprank	1	2
sprintf	2	5
spy	0	2
sqrt	1	5
sqrtm	3	2
square	1	2
squareform	ERR:MATLAB:narginout:notValidMfile	0
squeeze	1	2
ss	1	2
ss2sos	-1	2
ss2tf	2	2
ss2zp	3	2
sscanf	4	5
ssim	2	2
StableDistribution	ERR:MATLAB:narginout:notValidMfile	0
stackedplot	1	2
stairs	2	2
standardizeMissing	1	2
start	0	0
startsWith	1	5
statelevels	3	2
statget	ERR:MATLAB:narginout:notValidMfile	0
statset	ERR:MATLAB:narginout:notValidMfile	0
std	2	2
std2	1	2
stdfilt	1	2
stem	1	2
stem3	1	2
stepwisefit	ERR:MATLAB:narginout:notValidMfile	0
stepz	-1	2
stft	-1	2
stftmag2sig	3	2
stlread	4	2
stlwrite	0	2
stmcb	2	2
stop	0	0
str	ERR:MATLAB:narginout:notValidMfile	0
str2double	1	2
str2func	1	5
str2mat	1	2
str2num	2	2
strcat	1	2
strcmp	1	5
strcmpi	1	5
stream2	1	2
stream3	1	2
streamline	1	2
streamparticles	1	2
streamribbon	1	2
streamslice	2	2
streamtube	1	2
strel	1	2
stretchlim	1	2
strfind	1	5
string	ERR:MATLAB:narginout:notValidMfile	2
strings	1	5
strip	1	2
stripline	1	2
striplinew	ERR:MATLAB:narginout:notValidMfile	0
strips	0	2
strjoin	1	2
strjust	1	2
strlength	1	5
strmatch	1	2
strncmp	1	5
strncmpi	1	5
strrep	1	5
strsplit	2	2
strtok	2	2
strtrim	1	5
struct	1	5
struct2cell	1	5
struct2table	1	2
structfun	-1	5
strvcat	1	2
sub2ind	1	2
subplot	1	2
subspace	1	2
subtitle	1	2
subvolume	6	2
sum	1	5
summary	1	2
superpixels	2	2
superpixels3	2	2
surf	1	2
surf2patch	3	2
surface	1	5
surfc	1	2
surfl	1	2
surfnorm	3	2
svd	3	5
svds	4	2
swarmchart	1	2
swarmchart3	1	2
sylvester	1	2
symamd	-2	2
symbfact	5	5
symmlq	6	2
symrcm	1	5
symvar	1	2
table	1	2
table2array	1	2
table2struct	1	2
tabulate	ERR:MATLAB:narginout:notValidMfile	0
tachorpm	-1	2
tail	1	2
tan	1	5
tand	1	5
tanh	1	5
taylorwin	1	2
tblread	ERR:MATLAB:narginout:notValidMfile	0
tblwrite	ERR:MATLAB:narginout:notValidMfile	0
tcdf	ERR:MATLAB:narginout:notValidMfile	0
tdfread	ERR:MATLAB:narginout:notValidMfile	0
tempdir	1	2
tempname	1	2
tetramesh	1	2
texlabel	1	2
text	1	5
textcolumn	ERR:MATLAB:narginout:notValidMfile	0
textscan	2	5
tf	1	2
tf2latc	2	2
tf2sos	-1	2
tf2ss	4	2
tf2zp	3	2
tf2zpk	3	2
tfe	2	2
tfestimate	-1	2
tfqmr	5	2
tfridge	-1	2
thd	3	2
thetalim	-1	2
thetatickformat	-1	2
thetaticklabels	-1	2
thetaticks	-1	2
throw	ERR:MATLAB:narginout:notValidMfile	0
throwAsCaller	ERR:MATLAB:narginout:notValidMfile	0
tic	1	5
tiedrank	-1	2
tiledlayout	1	6
time	1	0
timeofday	2	0
timer	1	2
times	1	5
timetable	1	2
timezones	2	2
tinv	ERR:MATLAB:narginout:notValidMfile	0
title	2	2
tLocationScaleDistribution	ERR:MATLAB:narginout:notValidMfile	0
toc	1	5
toeplitz	1	2
toi	5	2
topkrows	2	2
tpdf	ERR:MATLAB:narginout:notValidMfile	0
trace	1	2
transformPointsForward	ERR:MATLAB:narginout:notValidMfile	0
transformPointsInverse	ERR:MATLAB:narginout:notValidMfile	0
transpose	1	5
trapz	1	2
treelayout	4	2
treeplot	0	2
triang	1	2
TriangularDistribution	ERR:MATLAB:narginout:notValidMfile	0
tril	1	5
trim	5	6
trimesh	1	2
trimmean	ERR:MATLAB:narginout:notValidMfile	0
triplequad	1	2
triplot	1	2
tripuls	1	2
trisurf	1	2
triu	1	5
trnd	ERR:MATLAB:narginout:notValidMfile	0
true	1	5
truncate	ERR:MATLAB:narginout:notValidMfile	0
tsa	-1	2
tsearchn	2	2
tsne	ERR:MATLAB:narginout:notValidMfile	0
tstat	ERR:MATLAB:narginout:notValidMfile	0
ttest	ERR:MATLAB:narginout:notValidMfile	0
ttest2	ERR:MATLAB:narginout:notValidMfile	0
tukeywin	1	2
type	0	5
typecast	1	5
tzoffset	-1	0
udecode	1	2
uencode	1	2
uiaxes	1	2
uicontextmenu	1	5
uimenu	1	5
uminus	1	5
undershoot	3	2
unicode2native	1	5
unidcdf	ERR:MATLAB:narginout:notValidMfile	0
unidinv	ERR:MATLAB:narginout:notValidMfile	0
unidpdf	ERR:MATLAB:narginout:notValidMfile	0
unidrnd	ERR:MATLAB:narginout:notValidMfile	0
unidstat	ERR:MATLAB:narginout:notValidMfile	0
unifcdf	ERR:MATLAB:narginout:notValidMfile	0
unifinv	ERR:MATLAB:narginout:notValidMfile	0
unifit	ERR:MATLAB:narginout:notValidMfile	0
UniformDistribution	ERR:MATLAB:narginout:notValidMfile	0
unifpdf	ERR:MATLAB:narginout:notValidMfile	0
unifrnd	ERR:MATLAB:narginout:notValidMfile	0
unifstat	ERR:MATLAB:narginout:notValidMfile	0
union	-1	2
unique	-1	2
uniquetol	3	5
unmesh	2	2
unmkpp	5	2
unshiftdata	1	2
unwrap	1	2
upfirdn	1	2
uplus	1	5
upper	1	5
upsample	1	2
validateattributes	ERR:MATLAB:narginout:doesNotApply	5
validatecolor	1	2
values	ERR:MATLAB:narginout:notValidMfile	0
vander	1	2
var	2	2
varfun	1	0
variance	ERR:MATLAB:narginout:notValidMfile	0
vartest	ERR:MATLAB:narginout:notValidMfile	0
vartest2	ERR:MATLAB:narginout:notValidMfile	0
vartestn	ERR:MATLAB:narginout:notValidMfile	0
vco	1	2
vecnorm	1	5
vectorize	1	2
version	1	5
vertcat	1	5
VideoWriter	1	2
view	-1	2
viewmtx	1	2
visboundaries	1	2
viscircles	1	2
volumebounds	1	2
voronoi	2	2
voronoin	2	2
vswr	1	2
wait	ERR:MATLAB:narginout:notValidMfile	0
waitfor	0	5
waitforbuttonpress	1	5
warning	1	5
warp	1	2
waterfall	1	2
watershed	1	2
wavelength	ERR:MATLAB:narginout:notValidMfile	0
wblcdf	ERR:MATLAB:narginout:notValidMfile	0
wblfit	ERR:MATLAB:narginout:notValidMfile	0
wblinv	ERR:MATLAB:narginout:notValidMfile	0
wbllike	ERR:MATLAB:narginout:notValidMfile	0
wblpdf	ERR:MATLAB:narginout:notValidMfile	0
wblplot	ERR:MATLAB:narginout:notValidMfile	0
wblrnd	ERR:MATLAB:narginout:notValidMfile	0
wblstat	ERR:MATLAB:narginout:notValidMfile	0
week	1	0
weekday	2	2
WeibullDistribution	ERR:MATLAB:narginout:notValidMfile	0
what	1	5
which	1	5
whitebg	0	2
whitepoint	1	2
who	1	5
whos	1	5
width	1	2
wiener2	2	2
wilkinson	1	2
window	-1	2
wishrnd	ERR:MATLAB:narginout:notValidMfile	0
writecell	0	2
writelines	0	2
writematrix	0	2
writetable	0	2
writeVideo	ERR:MATLAB:narginout:notValidMfile	0
x2fx	1	0
xcorr	2	2
xcorr2	1	2
xcov	2	2
xlabel	1	2
xlim	-1	2
xline	1	2
xor	1	5
xptread	3	2
xspectrogram	-1	2
xtickangle	-1	2
xtickformat	-1	2
xticklabels	-1	2
xticks	-1	2
xyz2double	1	2
xyz2lab	1	2
xyz2rgb	1	2
xyz2uint16	1	2
y2s	1	2
ycbcr2rgb	1	2
year	1	2
years	1	2
ylabel	1	2
ylim	-1	2
yline	1	2
ymd	-1	0
ytickangle	-1	2
ytickformat	-1	2
yticklabels	-1	2
yticks	-1	2
yulewalk	2	2
yyaxis	0	6
yyyymmdd	1	0
z2s	1	2
zerocrossrate	-1	2
zerophase	-1	2
zeros	1	5
zlabel	1	2
zlim	-1	2
zoomInteraction	1	2
zp2ctf	3	2
zp2sos	2	2
zp2ss	4	2
zp2tf	2	2
zpk	1	2
zplane	-1	2
zplaneplot	3	2
zscore	ERR:MATLAB:narginout:notValidMfile	0
ztest	ERR:MATLAB:narginout:notValidMfile	0
ztickangle	-1	2
ztickformat	-1	2
zticklabels	-1	2
zticks	-1	2
