label,class,verdict,documented,implemented,missing
figure,matlab.ui.Figure,ok,66,66,
axes,matlab.graphics.axis.Axes,ok,147,147,
polaraxes,matlab.graphics.axis.PolarAxes,ok,107,107,
line,matlab.graphics.chart.primitive.Line,ok,52,48,LatitudeData LatitudeDataSource LongitudeData LongitudeDataSource
scatter,matlab.graphics.chart.primitive.Scatter,ok,74,68,LatitudeData LatitudeDataSource LatitudeVariable LongitudeData LongitudeDataSource LongitudeVariable
surface,matlab.graphics.chart.primitive.Surface,ok,60,60,
patch,matlab.graphics.primitive.Patch,ok,56,56,
text,matlab.graphics.primitive.Text,ok,41,41,
legend,matlab.graphics.illustration.Legend,ok,39,39,
colorbar,matlab.graphics.illustration.ColorBar,ok,42,42,
bar,matlab.graphics.chart.primitive.Bar,ok,44,44,
histogram,matlab.graphics.chart.primitive.Histogram,ok,46,46,
area,matlab.graphics.chart.primitive.Area,ok,39,39,
stair,matlab.graphics.chart.primitive.Stair,ok,38,38,
stem,matlab.graphics.chart.primitive.Stem,ok,43,43,
errorbar,matlab.graphics.chart.primitive.ErrorBar,ok,52,52,
contour,matlab.graphics.chart.primitive.Contour,ok,46,46,
quiver,matlab.graphics.chart.primitive.Quiver,ok,52,52,
image,matlab.graphics.primitive.Image,ok,27,27,
constantline,matlab.graphics.chart.decoration.ConstantLine,ok,35,35,
boxchart,matlab.graphics.chart.primitive.BoxChart,ok,29,29,
heatmap,matlab.graphics.chart.HeatmapChart,ok,39,39,
bubblechart,matlab.graphics.chart.primitive.BubbleChart,ok,73,67,LatitudeData LatitudeDataSource LatitudeVariable LongitudeData LongitudeDataSource LongitudeVariable
light,matlab.graphics.primitive.Light,ok,21,21,
bubblelegend,matlab.graphics.illustration.BubbleLegend,ok,37,37,
pie,matlab.graphics.primitive.Patch,ok,56,56,
tiledlayout,matlab.graphics.layout.TiledChartLayout,ok,28,28,
axestoolbar,matlab.graphics.controls.AxesToolbar,ok,15,15,
uiaxes,matlab.ui.control.UIAxes,ok,148,148,
uicontextmenu,matlab.ui.container.ContextMenu,ok,12,12,
uimenu,matlab.ui.container.Menu,ok,21,21,
root,matlab.ui.Root,ok,16,16,
uifigure,matlab.ui.Figure,ok,66,66,
uicontrol,matlab.ui.control.UIControl,ok,44,44,
uipanel,matlab.ui.container.Panel,ok,38,38,
uibuttongroup,matlab.ui.container.ButtonGroup,ok,41,41,
uitabgroup,matlab.ui.container.TabGroup,ok,25,25,
uitab,matlab.ui.container.Tab,ok,24,24,
uigridlayout,matlab.ui.container.GridLayout,ok,21,21,
uitree,matlab.ui.container.Tree,ok,33,33,
uicheckboxtree,matlab.ui.container.CheckBoxTree,ok,34,34,
uitreenode,matlab.ui.container.TreeNode,ok,15,15,
uifiguremenu,matlab.ui.container.Menu,ok,21,21,
uitoolbar,matlab.ui.container.Toolbar,ok,14,14,
uipushtool,matlab.ui.container.toolbar.PushTool,ok,20,20,
uitoggletool,matlab.ui.container.toolbar.ToggleTool,ok,23,23,
uibutton,matlab.ui.control.Button,ok,31,31,
statebutton,matlab.ui.control.StateButton,ok,32,32,
uicheckbox,matlab.ui.control.CheckBox,ok,27,27,
uidatepicker,matlab.ui.control.DatePicker,ok,32,32,
uidropdown,matlab.ui.control.DropDown,ok,31,31,
uieditfield,matlab.ui.control.EditField,ok,30,30,
numericeditfield,matlab.ui.control.NumericEditField,ok,33,33,
uigauge,matlab.ui.control.Gauge,ok,35,35,
lineargauge,matlab.ui.control.LinearGauge,ok,35,35,
ninetydegreegauge,matlab.ui.control.NinetyDegreeGauge,ok,36,36,
semicirculargauge,matlab.ui.control.SemicircularGauge,ok,36,36,
uihtml,matlab.ui.control.HTML,ok,20,20,
uihyperlink,matlab.ui.control.Hyperlink,ok,31,31,
uiimage,matlab.ui.control.Image,ok,24,24,
uiknob,matlab.ui.control.Knob,ok,33,33,
discreteknob,matlab.ui.control.DiscreteKnob,ok,27,27,
uilabel,matlab.ui.control.Label,ok,29,29,
uilamp,matlab.ui.control.Lamp,ok,19,19,
uilistbox,matlab.ui.control.ListBox,ok,29,29,
uiradiobutton,matlab.ui.control.RadioButton,ok,25,25,
uitogglebutton,matlab.ui.control.ToggleButton,ok,30,30,
uislider,matlab.ui.control.Slider,ok,34,34,
uispinner,matlab.ui.control.Spinner,ok,35,35,
uiswitch,matlab.ui.control.Switch,ok,28,28,
rockerswitch,matlab.ui.control.RockerSwitch,ok,28,28,
toggleswitch,matlab.ui.control.ToggleSwitch,ok,28,28,
uitable,matlab.ui.control.Table,ok,50,50,
uitextarea,matlab.ui.control.TextArea,ok,31,31,
uiprogressdlg,matlab.ui.dialog.ProgressDialog,ok,10,10,
uistyle,matlab.ui.style.Style,ok,6,6,
axtoolbarbtn,matlab.ui.controls.ToolbarPushButton,ok,17,17,
axtoolbarstate,matlab.ui.controls.ToolbarStateButton,ok,18,18,
