name,folder,form_index,syntax,verdict,detail
bounds,datafun,0,"[minA,maxA] = bounds(A)",accepted,
bounds,datafun,1,"[minA,maxA] = bounds(A,'all')",accepted,
bounds,datafun,2,"[minA,maxA] = bounds(A,dim)",accepted,
bounds,datafun,3,"[minA,maxA] = bounds(A,vecdim)",accepted,
bounds,datafun,4,"[minA,maxA] = bounds(___,nanflag)",accepted,
conv,datafun,0,"w = conv(u,v)",unprobed,no sample for this form's arguments
conv,datafun,1,"w = conv(u,v,shape)",unprobed,no sample for this form's arguments
convn,datafun,0,"C = convn(A,B)",accepted,
convn,datafun,1,"C = convn(A,B,shape)",accepted,
corrcoef,datafun,0,R = corrcoef(A),accepted,
corrcoef,datafun,1,"R = corrcoef(A,B)",error,"corrcoef: the two sets must be the same size, but got 6 and 3."
corrcoef,datafun,2,"[R,P] = corrcoef(___)",accepted,
corrcoef,datafun,3,"[R,P,RL,RU] = corrcoef(___)",accepted,
corrcoef,datafun,4,"___ = corrcoef(___,Name,Value)",unprobed,"Name,Value form; the dump lists no pair names"
cov,datafun,0,C = cov(A),accepted,
cov,datafun,1,"C = cov(A,B)",accepted,
cov,datafun,2,"C = cov(___,w)",unprobed,no sample for this form's arguments
cov,datafun,3,"C = cov(___,nanflag)",accepted,
cumtrapz,datafun,0,Q = cumtrapz(Y),accepted,
cumtrapz,datafun,1,"Q = cumtrapz(X,Y)",accepted,
cumtrapz,datafun,2,"Q = cumtrapz(___,dim)",accepted,
deconv,datafun,0,"[q,r] = deconv(u,v)",unprobed,no sample for this form's arguments
del2,datafun,0,L = del2(U),accepted,
del2,datafun,1,"L = del2(U,h)",accepted,
del2,datafun,2,"L = del2(U,hx,hy,...,hN)",accepted,
detrend,datafun,0,y = detrend(x),accepted,
detrend,datafun,1,"y = detrend(x,n)",accepted,
detrend,datafun,2,"y = detrend(x,n,bp)",accepted,
detrend,datafun,3,"y = detrend(___,nanflag)",accepted,
detrend,datafun,4,"y = detrend(___,Name,Value)",unprobed,"Name,Value form; the dump lists no pair names"
fft2,datafun,0,Y = fft2(X),accepted,
fft2,datafun,1,"Y = fft2(X,m,n)",accepted,
fftshift,datafun,0,Y = fftshift(X),accepted,
fftshift,datafun,1,"Y = fftshift(X,dim)",accepted,
fillmissing,datafun,0,"F = fillmissing(A,'constant',v)",accepted,
fillmissing,datafun,1,"F = fillmissing(A,method)",accepted,
fillmissing,datafun,2,"F = fillmissing(A,movmethod,window)",accepted,
fillmissing,datafun,3,"F = fillmissing(A,fillfun,gapwindow)",error,"fillmissing: unexpected argument 2; options come after the data (options: 'EndValues', 'MissingLocations', 'DataVariables')."
fillmissing,datafun,4,"F = fillmissing(___,dim)",accepted,
fillmissing,datafun,5,"F = fillmissing(___,Name,Value)",unprobed,"Name,Value form; the dump lists no pair names"
fillmissing,datafun,6,"[F,TF] = fillmissing(___)",accepted,
filloutliers,datafun,0,"B = filloutliers(A,fillmethod)",accepted,
filloutliers,datafun,1,"B = filloutliers(A,fillmethod,findmethod)",accepted,
filloutliers,datafun,2,"B = filloutliers(A,fillmethod,'percentiles',threshold)",accepted,
filloutliers,datafun,3,"B = filloutliers(A,fillmethod,movmethod,window)",accepted,
filloutliers,datafun,4,"B = filloutliers(___,dim)",accepted,
filloutliers,datafun,5,"B = filloutliers(___,Name,Value)",unprobed,"Name,Value form; the dump lists no pair names"
filloutliers,datafun,6,"[B,TF,L,U,C] = filloutliers(___)",accepted,
filter2,datafun,0,"Y = filter2(H,X)",accepted,
filter2,datafun,1,"Y = filter2(H,X,shape)",accepted,
findgroups,datafun,0,G = findgroups(A),accepted,
findgroups,datafun,1,"G = findgroups(A1,...,AN)",accepted,
findgroups,datafun,2,"[G,ID] = findgroups(A)",accepted,
findgroups,datafun,3,"[G,ID1,...,IDN] = findgroups(A1,...,AN)",accepted,
findgroups,datafun,4,G = findgroups(T),accepted,
findgroups,datafun,5,"[G,TID] = findgroups(T)",accepted,
gradient,datafun,0,FX = gradient(F),accepted,
gradient,datafun,1,"[FX,FY] = gradient(F)",accepted,
gradient,datafun,2,"[FX,FY,FZ,...,FN] = gradient(F)",accepted,
gradient,datafun,3,"[___] = gradient(F,h)",accepted,
gradient,datafun,4,"[___] = gradient(F,hx,hy,...,hN)",error,"gradient expects between 1 and 3 argument(s), but got 4."
histcounts,datafun,0,"[N,edges] = histcounts(X)",accepted,
histcounts,datafun,1,"[N,edges] = histcounts(X,nbins)",accepted,
histcounts,datafun,2,"[N,edges] = histcounts(X,edges)",accepted,
histcounts,datafun,3,"[N,edges,bin] = histcounts(___)",accepted,
histcounts,datafun,4,N = histcounts(C),accepted,
histcounts,datafun,5,"N = histcounts(C,Categories)",accepted,
histcounts,datafun,6,"[N,Categories] = histcounts(___)",accepted,
histcounts,datafun,7,"[___] = histcounts(___,Name,Value)",unprobed,"Name,Value form; the dump lists no pair names"
histcounts2,datafun,0,"[N,Xedges,Yedges] = histcounts2(X,Y)",accepted,
histcounts2,datafun,1,"[N,Xedges,Yedges] = histcounts2(X,Y,nbins)",accepted,
histcounts2,datafun,2,"[N,Xedges,Yedges] = histcounts2(X,Y,Xedges,Yedges)",accepted,
histcounts2,datafun,3,"[N,Xedges,Yedges] = histcounts2(___,Name,Value)",unprobed,"Name,Value form; the dump lists no pair names"
histcounts2,datafun,4,"[N,Xedges,Yedges,binX,binY] = histcounts2(___)",accepted,
ifft2,datafun,0,X = ifft2(Y),accepted,
ifft2,datafun,1,"X = ifft2(Y,m,n)",accepted,
ifft2,datafun,2,"X = ifft2(___,symflag)",accepted,
ifftshift,datafun,0,X = ifftshift(Y),accepted,
ifftshift,datafun,1,"X = ifftshift(Y,dim)",accepted,
ischange,datafun,0,TF = ischange(A),accepted,
ischange,datafun,1,"TF = ischange(A,method)",accepted,
ischange,datafun,2,"TF = ischange(___,dim)",accepted,
ischange,datafun,3,"TF = ischange(___,Name,Value)",unprobed,"Name,Value form; the dump lists no pair names"
ischange,datafun,4,"[TF,S1] = ischange(___)",accepted,
ischange,datafun,5,"[TF,S1,S2] = ischange(___)",accepted,
islocalmax,datafun,0,TF = islocalmax(A),accepted,
islocalmax,datafun,1,"TF = islocalmax(A,dim)",accepted,
islocalmax,datafun,2,"TF = islocalmax(___,Name,Value)",unprobed,"Name,Value form; the dump lists no pair names"
islocalmax,datafun,3,"[TF,P] = islocalmax(___)",accepted,
islocalmin,datafun,0,TF = islocalmin(A),accepted,
islocalmin,datafun,1,"TF = islocalmin(A,dim)",accepted,
islocalmin,datafun,2,"TF = islocalmin(___,Name,Value)",unprobed,"Name,Value form; the dump lists no pair names"
islocalmin,datafun,3,"[TF,P] = islocalmin(___)",accepted,
ismissing,datafun,0,TF = ismissing(A),accepted,
ismissing,datafun,1,"TF = ismissing(A,indicator)",error,"ismissing expects 1 argument(s), but got 2."
isoutlier,datafun,0,TF = isoutlier(A),accepted,
isoutlier,datafun,1,"TF = isoutlier(A,method)",accepted,
isoutlier,datafun,2,"TF = isoutlier(A,'percentiles',threshold)",accepted,
isoutlier,datafun,3,"TF = isoutlier(A,movmethod,window)",accepted,
isoutlier,datafun,4,"TF = isoutlier(___,dim)",accepted,
isoutlier,datafun,5,"TF = isoutlier(___,Name,Value)",unprobed,"Name,Value form; the dump lists no pair names"
isoutlier,datafun,6,"[TF,L,U,C] = isoutlier(___)",accepted,
mean,datafun,0,M = mean(A),accepted,
mean,datafun,1,"M = mean(A,'all')",accepted,
mean,datafun,2,"M = mean(A,dim)",accepted,
mean,datafun,3,"M = mean(A,vecdim)",error,"mean expects 1 argument(s), but got 2."
mean,datafun,4,"M = mean(___,outtype)",accepted,
mean,datafun,5,"M = mean(___,nanflag)",accepted,
median,datafun,0,M = median(A),accepted,
median,datafun,1,"M = median(A,'all')",accepted,
median,datafun,2,"M = median(A,dim)",accepted,
median,datafun,3,"M = median(A,vecdim)",error,"median expects 1 argument(s), but got 2."
median,datafun,4,"M = median(___,nanflag)",accepted,
mode,datafun,0,M = mode(A),accepted,
mode,datafun,1,"M = mode(A,'all')",accepted,
mode,datafun,2,"M = mode(A,dim)",accepted,
mode,datafun,3,"M = mode(A,vecdim)",error,"mode expects 1 argument(s), but got 2."
mode,datafun,4,"[M,F] = mode(___)",error,"This call returns 1 value(s), but 2 were asked for."
mode,datafun,5,"[M,F,C] = mode(___)",error,"This call returns 1 value(s), but 3 were asked for."
rescale,datafun,0,B = rescale(A),accepted,
rescale,datafun,1,"B = rescale(A,l,u)",accepted,
rescale,datafun,2,"B = rescale(___,Name,Value)",unprobed,"Name,Value form; the dump lists no pair names"
rmmissing,datafun,0,R = rmmissing(A),accepted,
rmmissing,datafun,1,"R = rmmissing(A,dim)",unprobed,no sample for this form's arguments
rmmissing,datafun,2,"R = rmmissing(___,Name,Value)",unprobed,"Name,Value form; the dump lists no pair names"
rmmissing,datafun,3,"[R,TF] = rmmissing(___)",accepted,
rmoutliers,datafun,0,B = rmoutliers(A),accepted,
rmoutliers,datafun,1,"B = rmoutliers(A,method)",accepted,
rmoutliers,datafun,2,"B = rmoutliers(A,'percentiles',threshold)",accepted,
rmoutliers,datafun,3,"B = rmoutliers(A,movmethod,window)",accepted,
rmoutliers,datafun,4,"B = rmoutliers(___,dim)",accepted,
rmoutliers,datafun,5,"B = rmoutliers(___,Name,Value)",unprobed,"Name,Value form; the dump lists no pair names"
rmoutliers,datafun,6,"[B,TF] = rmoutliers(___)",accepted,
smoothdata,datafun,0,B = smoothdata(A),accepted,
smoothdata,datafun,1,"B = smoothdata(A,dim)",accepted,
smoothdata,datafun,2,"B = smoothdata(___,method)",accepted,
smoothdata,datafun,3,"B = smoothdata(___,method,window)",accepted,
smoothdata,datafun,4,"B = smoothdata(___,nanflag)",accepted,
smoothdata,datafun,5,"B = smoothdata(___,Name,Value)",unprobed,"Name,Value form; the dump lists no pair names"
smoothdata,datafun,6,"[B,window] = smoothdata(___)",accepted,
splitapply,datafun,0,"Y = splitapply(func,X,G)",accepted,
splitapply,datafun,1,"Y = splitapply(func,X1,...,XN,G)",accepted,
splitapply,datafun,2,"Y = splitapply(func,T,G)",accepted,
splitapply,datafun,3,"[Y1,...,YM] = splitapply(___)",accepted,
standardizeMissing,datafun,0,"B = standardizeMissing(A,indicator)",accepted,
standardizeMissing,datafun,1,"B = standardizeMissing(A,indicator,'DataVariables',datavars)",accepted,
std,datafun,0,S = std(A),accepted,
std,datafun,1,"S = std(A,w)",accepted,
std,datafun,2,"S = std(A,w,'all')",accepted,
std,datafun,3,"S = std(A,w,dim)",accepted,
std,datafun,4,"S = std(A,w,vecdim)",error,"std expects between 1 and 2 argument(s), but got 3."
std,datafun,5,"S = std(___,nanflag)",accepted,
subspace,datafun,0,"theta = subspace(A,B)",accepted,
trapz,datafun,0,Q = trapz(Y),accepted,
trapz,datafun,1,"Q = trapz(X,Y)",accepted,
trapz,datafun,2,"Q = trapz(___,dim)",accepted,
var,datafun,0,V = var(A),accepted,
var,datafun,1,"V = var(A,w)",accepted,
var,datafun,2,"V = var(A,w,'all')",accepted,
var,datafun,3,"V = var(A,w,dim)",accepted,
var,datafun,4,"V = var(A,w,vecdim)",error,"var expects between 1 and 2 argument(s), but got 3."
var,datafun,5,"V = var(___,nanflag)",accepted,
xcorr,datafun,0,"r = xcorr(x,y)",accepted,
xcorr,datafun,1,r = xcorr(x),accepted,
xcorr,datafun,2,"r = xcorr(___,maxlag)",accepted,
xcorr,datafun,3,"r = xcorr(___,scaleopt)",accepted,
xcorr,datafun,4,"[r,lags] = xcorr(___)",accepted,
xcov,datafun,0,"c = xcov(x,y)",accepted,
xcov,datafun,1,c = xcov(x),accepted,
xcov,datafun,2,"c = xcov(___,maxlag)",accepted,
xcov,datafun,3,"c = xcov(___,scaleopt)",accepted,
xcov,datafun,4,"[c,lags] = xcov(___)",accepted,
cell2mat,datatypes,0,A = cell2mat(C),accepted,
deal,datatypes,0,"[B1,...,Bn] = deal(A1,...,An)",unprobed,no sample for this form's arguments
deal,datatypes,1,"[B1,...,Bn] = deal(A)",unprobed,no sample for this form's arguments
getfield,datatypes,0,"value = getfield(S,field)",error,"getfield expects a struct, but got a array."
getfield,datatypes,1,"value = getfield(S,field1,...,fieldN)",unprobed,no sample for this form's arguments
getfield,datatypes,2,"value = getfield(S,idx,field1,...,fieldN)",unprobed,no sample for this form's arguments
getfield,datatypes,3,"value = getfield(S,idx,field1,idx1,...,fieldN,idxN)",unprobed,no sample for this form's arguments
isobject,datatypes,0,tf = isobject(A),unprobed,no sample for this form's arguments
missing,datatypes,0,m = missing,accepted,
num2cell,datatypes,0,C = num2cell(A),accepted,
num2cell,datatypes,1,"C = num2cell(A,dim)",error,"num2cell expects 1 argument(s), but got 2."
orderfields,datatypes,0,S = orderfields(S1),error,"orderfields expects a struct, but got a array."
orderfields,datatypes,1,"S = orderfields(S1,S2)",error,"orderfields expects a field name, but got a array."
orderfields,datatypes,2,"S = orderfields(S1,C)",error,"orderfields expects a struct, but got a array."
orderfields,datatypes,3,"S = orderfields(S1,P)",error,"orderfields expects a field name, but got a array."
orderfields,datatypes,4,"[S,Pout] = orderfields(___)",error,"orderfields expects a struct, but got a array."
rmfield,datatypes,0,"s = rmfield(s,field)",error,"rmfield expects a field name, but got a array."
setfield,datatypes,0,"S = setfield(S,field,value)",error,"setfield expects a struct, but got a array."
setfield,datatypes,1,"S = setfield(S,field1,...,fieldN,value)",unprobed,no sample for this form's arguments
setfield,datatypes,2,"S = setfield(S,idx,field1,...,fieldN,value)",unprobed,no sample for this form's arguments
setfield,datatypes,3,"S = setfield(S,idx,field1,idx1,...,fieldN,idxN,value)",unprobed,no sample for this form's arguments
angle,elfun,0,theta = angle(z),accepted,
cot,elfun,0,Y = cot(X),accepted,
cotd,elfun,0,Y = cotd(X),accepted,
coth,elfun,0,Y = coth(X),accepted,
cplxpair,elfun,0,B = cplxpair(A),unprobed,no sample for this form's arguments
cplxpair,elfun,1,"B = cplxpair(A,tol)",unprobed,no sample for this form's arguments
cplxpair,elfun,2,"B = cplxpair(A,[],dim)",unprobed,no sample for this form's arguments
cplxpair,elfun,3,"B = cplxpair(A,tol,dim)",unprobed,no sample for this form's arguments
csc,elfun,0,Y = csc(X),accepted,
cscd,elfun,0,Y = cscd(X),accepted,
csch,elfun,0,Y = csch(X),accepted,
deg2rad,elfun,0,R = deg2rad(D),accepted,
nextpow2,elfun,0,P = nextpow2(A),accepted,
nthroot,elfun,0,"Y = nthroot(X,N)",accepted,
rad2deg,elfun,0,D = rad2deg(R),accepted,
reallog,elfun,0,Y = reallog(X),unprobed,no sample for this form's arguments
realpow,elfun,0,"Z = realpow(X,Y)",unprobed,no sample for this form's arguments
realsqrt,elfun,0,Y = realsqrt(X),accepted,
sec,elfun,0,Y = sec(X),accepted,
secd,elfun,0,Y = secd(X),accepted,
sech,elfun,0,Y = sech(X),accepted,
unwrap,elfun,0,Q = unwrap(P),accepted,
unwrap,elfun,1,"Q = unwrap(P,tol)",accepted,
unwrap,elfun,2,"Q = unwrap(P,[],dim)",accepted,
unwrap,elfun,3,"Q = unwrap(P,tol,dim)",accepted,
blkdiag,elmat,0,"B = blkdiag(A1,...,AN)",accepted,
circshift,elmat,0,"Y = circshift(A,K)",accepted,
circshift,elmat,1,"Y = circshift(A,K,dim)",accepted,
compan,elmat,0,A = compan(u),accepted,
flip,elmat,0,B = flip(A),accepted,
flip,elmat,1,"B = flip(A,dim)",accepted,
flipdim,elmat,0,"B = flipdim(A,dim)",accepted,
fliplr,elmat,0,B = fliplr(A),accepted,
flipud,elmat,0,B = flipud(A),accepted,
freqspace,elmat,0,"[f1,f2] = freqspace(n)",accepted,
freqspace,elmat,1,"[f1,f2] = freqspace([m n])",accepted,
freqspace,elmat,2,"[x,y] = freqspace(___,'meshgrid')",accepted,
freqspace,elmat,3,f = freqspace(N),accepted,
freqspace,elmat,4,"f = freqspace(N,'whole')",refused,freqspace: unknown option 'whole' (the only one is 'meshgrid').
gallery,elmat,0,"[A1,A2,...,Am] = gallery(matrixname,P1,P2,...,Pn)",accepted,
gallery,elmat,1,"[A1,A2,...,Am] = gallery(matrixname,P1,P2,...,Pn,typename)",accepted,
gallery,elmat,2,A = gallery(3),accepted,
gallery,elmat,3,A = gallery(5),accepted,
hadamard,elmat,0,H = hadamard(n),accepted,
hadamard,elmat,1,"H = hadamard(n,classname)",accepted,
hankel,elmat,0,H = hankel(c),accepted,
hankel,elmat,1,"H = hankel(c,r)",accepted,
height,elmat,0,H = height(T),accepted,
hilb,elmat,0,H = hilb(n),accepted,
hilb,elmat,1,"H = hilb(n,classname)",error,"hilb expects 1 argument(s), but got 2."
ind2sub,elmat,0,"[row,col] = ind2sub(sz,ind)",accepted,
ind2sub,elmat,1,"[I1,I2,...,In] = ind2sub(sz,ind)",accepted,
invhilb,elmat,0,H = invhilb(n),accepted,
invhilb,elmat,1,"H = invhilb(n,classname)",accepted,
ipermute,elmat,0,"A = ipermute(B,dimorder)",accepted,
linspace,elmat,0,"y = linspace(x1,x2)",unprobed,no sample for this form's arguments
linspace,elmat,1,"y = linspace(x1,x2,n)",unprobed,no sample for this form's arguments
logspace,elmat,0,"y = logspace(a,b)",accepted,
logspace,elmat,1,"y = logspace(a,b,n)",accepted,
logspace,elmat,2,"y = logspace(a,pi)",unprobed,no sample for this form's arguments
logspace,elmat,3,"y = logspace(a,pi,n)",unprobed,no sample for this form's arguments
magic,elmat,0,M = magic(n),accepted,
meshgrid,elmat,0,"[X,Y] = meshgrid(x,y)",accepted,
meshgrid,elmat,1,"[X,Y] = meshgrid(x)",accepted,
meshgrid,elmat,2,"[X,Y,Z] = meshgrid(x,y,z)",accepted,
meshgrid,elmat,3,"[X,Y,Z] = meshgrid(x)",accepted,
ndgrid,elmat,0,"[X1,X2,...,Xn] = ndgrid(x1,x2,...,xn)",unprobed,no sample for this form's arguments
ndgrid,elmat,1,"[X1,X2,...,Xn] = ndgrid(xg)",accepted,
pascal,elmat,0,P = pascal(n),accepted,
pascal,elmat,1,"P = pascal(n,1)",accepted,
pascal,elmat,2,"P = pascal(n,2)",accepted,
pascal,elmat,3,"P = pascal(___,classname)",accepted,
repelem,elmat,0,"u = repelem(v,n)",accepted,
repelem,elmat,1,"B = repelem(A,r1,...,rN)",accepted,
repmat,elmat,0,"B = repmat(A,n)",accepted,
repmat,elmat,1,"B = repmat(A,r1,...,rN)",unprobed,no sample for this form's arguments
repmat,elmat,2,"B = repmat(A,r)",accepted,
rosser,elmat,0,A = rosser,accepted,
rosser,elmat,1,A = rosser(classname),accepted,
rot90,elmat,0,B = rot90(A),accepted,
rot90,elmat,1,"B = rot90(A,k)",accepted,
shiftdim,elmat,0,"B = shiftdim(A,n)",accepted,
shiftdim,elmat,1,B = shiftdim(A),accepted,
shiftdim,elmat,2,"[B,m] = shiftdim(A)",accepted,
squeeze,elmat,0,B = squeeze(A),accepted,
sub2ind,elmat,0,"ind = sub2ind(sz,row,col)",accepted,
sub2ind,elmat,1,"ind = sub2ind(sz,I1,I2,...,In)",unprobed,no sample for this form's arguments
toeplitz,elmat,0,"T = toeplitz(c,r)",accepted,
toeplitz,elmat,1,T = toeplitz(r),accepted,
vander,elmat,0,A = vander(v),accepted,
width,elmat,0,W = width(T),accepted,
wilkinson,elmat,0,W = wilkinson(n),accepted,
wilkinson,elmat,1,"W = wilkinson(n,classname)",accepted,
ode45,funfun,0,"[t,y] = ode45(odefun,tspan,y0)",error,"sin expects 1 argument(s), but got 2."
ode45,funfun,1,"[t,y] = ode45(odefun,tspan,y0,options)",error,"ode45 expects 3 argument(s), but got 4."
ode45,funfun,2,"[t,y,te,ye,ie] = ode45(odefun,tspan,y0,options)",error,"ode45 expects 3 argument(s), but got 4."
ode45,funfun,3,sol = ode45(___),error,"ode45 produces two outputs: use [t, y] = ode45(f, tspan, y0)."
isvarname,lang,0,tf = isvarname(s),accepted,
isvarname,lang,1,isvarname s,accepted,
run,lang,0,run(scriptname),refused,run: cannot read 'E:\Temp_Folder\Appdata\Local\Temp\jgraph-toolbox-olfg5xlf\a': Could not find file 'E:\Temp_Folder\Appdata\Local\Temp\jgraph-toolbox-olfg5xlf\a'.
validateattributes,lang,0,"validateattributes(A,classes,attributes)",error,validateattributes expects a cell of class names.
validateattributes,lang,1,"validateattributes(A,classes,attributes,argIndex)",error,"validateattributes expects argument 4 to be a string, but got a number."
validateattributes,lang,2,"validateattributes(A,classes,attributes,funcName)",error,validateattributes expects a cell of class names.
validateattributes,lang,3,"validateattributes(A,classes,attributes,funcName,varName)",error,validateattributes expects a cell of class names.
validateattributes,lang,4,"validateattributes(A,classes,attributes,funcName,varName,argIndex)",error,validateattributes expects a cell of class names.
cdf2rdf,matfun,0,"[Vnew,Dnew] = cdf2rdf(V,D)",accepted,
cond,matfun,0,C = cond(A),error,"cond needs a square matrix, but got 2x3."
cond,matfun,1,"C = cond(A,p)",error,"cond needs a square matrix, but got 2x3."
condeig,matfun,0,c = condeig(A),accepted,
condeig,matfun,1,"[V,D,s] = condeig(A)",accepted,
condest,matfun,0,c = condest(A),accepted,
condest,matfun,1,"c = condest(A,t)",accepted,
condest,matfun,2,"[c,v] = condest(A)",accepted,
expm,matfun,0,Y = expm(X),error,"expm needs a square matrix, but got 2x3."
funm,matfun,0,"F = funm(A,fun)",accepted,
funm,matfun,1,"F = funm(A,fun,options)",accepted,
funm,matfun,2,"F = funm(A,fun,options,p1,p2,...)",accepted,
funm,matfun,3,"[F,exitflag] = funm(...)",accepted,
funm,matfun,4,"[F,exitflag,output] = funm(...)",accepted,
gsvd,matfun,0,"[U,V,X,C,S] = gsvd(A,B)",accepted,
gsvd,matfun,1,"[U,V,X,C,S] = gsvd(A,B,0)",accepted,
gsvd,matfun,2,"sigma = gsvd(A,B)",accepted,
logm,matfun,0,L = logm(A),accepted,
logm,matfun,1,"[L,exitflag] = logm(A)",error,"This call returns 1 value(s), but 2 were asked for."
lscov,matfun,0,"x = lscov(A,B)",accepted,
lscov,matfun,1,"x = lscov(A,B,w)",accepted,
lscov,matfun,2,"x = lscov(A,B,V)",accepted,
lscov,matfun,3,"x = lscov(A,B,V,alg)",accepted,
lscov,matfun,4,"[x,stdx] = lscov(...)",accepted,
lscov,matfun,5,"[x,stdx,mse] = lscov(...)",accepted,
lscov,matfun,6,"[x,stdx,mse,S] = lscov(...)",accepted,
lsqminnorm,matfun,0,"X = lsqminnorm(A,B)",accepted,
lsqminnorm,matfun,1,"X = lsqminnorm(A,B,tol)",accepted,
lsqminnorm,matfun,2,"X = lsqminnorm(___,rankWarn)",accepted,
mpower,matfun,0,C = A^B,unprobed,no sample for this form's arguments
mpower,matfun,1,"C = mpower(A,B)",accepted,
normest,matfun,0,n = normest(S),accepted,
normest,matfun,1,"n = normest(S,tol)",accepted,
normest,matfun,2,"[n,count] = normest(___)",accepted,
null,matfun,0,Z = null(A),accepted,
null,matfun,1,"Z = null(A,'r')",error,"null expects 1 argument(s), but got 2."
orth,matfun,0,Q = orth(A),accepted,
pinv,matfun,0,B = pinv(A),accepted,
pinv,matfun,1,"B = pinv(A,tol)",error,"pinv expects 1 argument(s), but got 2."
planerot,matfun,0,"[G,y] = planerot(x)",accepted,
polyeig,matfun,0,"e = polyeig(A0,A1,...,Ap)",accepted,
polyeig,matfun,1,"[X,e] = polyeig(A0,A1,...,Ap)",accepted,
polyeig,matfun,2,"[X,e,s] = polyeig(A0,A1,...,Ap)",accepted,
qrdelete,matfun,0,"[Q1,R1] = qrdelete(Q,R,j)",accepted,
qrdelete,matfun,1,"[Q1,R1] = qrdelete(Q,R,j,'col')",accepted,
qrdelete,matfun,2,"[Q1,R1] = qrdelete(Q,R,j,'row')",accepted,
qrinsert,matfun,0,"[Q1,R1] = qrinsert(Q,R,j,x)",accepted,
qrinsert,matfun,1,"[Q1,R1] = qrinsert(Q,R,j,x,'col')",accepted,
qrinsert,matfun,2,"[Q1,R1] = qrinsert(Q,R,j,x,'row')",accepted,
rank,matfun,0,k = rank(A),accepted,
rank,matfun,1,"k = rank(A,tol)",accepted,
rref,matfun,0,R = rref(A),accepted,
rref,matfun,1,"R = rref(A,tol)",accepted,
rref,matfun,2,"[R,p] = rref(A)",accepted,
rsf2csf,matfun,0,"[Unew,Tnew] = rsf2csf(U,T)",accepted,
schur,matfun,0,T = schur(A),accepted,
schur,matfun,1,"T = schur(A,flag)",unprobed,no sample for this form's arguments
schur,matfun,2,"[U,T] = schur(A,...)",unprobed,no sample for this form's arguments
sqrtm,matfun,0,X = sqrtm(A),accepted,
sqrtm,matfun,1,"[X,residual] = sqrtm(A)",error,"This call returns 1 value(s), but 2 were asked for."
sqrtm,matfun,2,"[X,alpha,condx] = sqrtm(A)",error,"This call returns 1 value(s), but 3 were asked for."
sylvester,matfun,0,"X = sylvester(A,B,C)",accepted,
idivide,ops,0,"C = idivide(A,B)",accepted,
idivide,ops,1,"C = idivide(A,B,opt)",accepted,
kron,ops,0,"K = kron(A,B)",unprobed,no sample for this form's arguments
fminbnd,optimfun,0,"x = fminbnd(fun,x1,x2)",accepted,
fminbnd,optimfun,1,"x = fminbnd(fun,x1,x2,options)",unprobed,no sample for this form's arguments
fminbnd,optimfun,2,x = fminbnd(problem),unprobed,no sample for this form's arguments
fminbnd,optimfun,3,"[x,fval] = fminbnd(___)",accepted,
fminbnd,optimfun,4,"[x,fval,exitflag] = fminbnd(___)",accepted,
fminbnd,optimfun,5,"[x,fval,exitflag,output] = fminbnd(___)",accepted,
fminsearch,optimfun,0,"x = fminsearch(fun,x0)",error,User supplied objective function must return a scalar value.
fminsearch,optimfun,1,"x = fminsearch(fun,x0,options)",unprobed,no sample for this form's arguments
fminsearch,optimfun,2,x = fminsearch(problem),unprobed,no sample for this form's arguments
fminsearch,optimfun,3,"[x,fval] = fminsearch(___)",error,User supplied objective function must return a scalar value.
fminsearch,optimfun,4,"[x,fval,exitflag] = fminsearch(___)",error,User supplied objective function must return a scalar value.
fminsearch,optimfun,5,"[x,fval,exitflag,output] = fminsearch(___)",error,User supplied objective function must return a scalar value.
fzero,optimfun,0,"x = fzero(fun,x0)",accepted,
fzero,optimfun,1,"x = fzero(fun,x0,options)",unprobed,no sample for this form's arguments
fzero,optimfun,2,x = fzero(problem),unprobed,no sample for this form's arguments
fzero,optimfun,3,"[x,fval,exitflag,output] = fzero(___)",accepted,
lsqnonneg,optimfun,0,"x = lsqnonneg(C,d)",error,lsqnonneg: d must have one entry per row of C.
lsqnonneg,optimfun,1,"x = lsqnonneg(C,d,options)",unprobed,no sample for this form's arguments
lsqnonneg,optimfun,2,x = lsqnonneg(problem),unprobed,no sample for this form's arguments
lsqnonneg,optimfun,3,"[x,resnorm,residual] = lsqnonneg(___)",error,lsqnonneg: d must have one entry per row of C.
lsqnonneg,optimfun,4,"[x,resnorm,residual,exitflag,output] = lsqnonneg(___)",error,lsqnonneg: d must have one entry per row of C.
lsqnonneg,optimfun,5,"[x,resnorm,residual,exitflag,output,lambda] = lsqnonneg(___)",error,lsqnonneg: d must have one entry per row of C.
optimget,optimfun,0,"val = optimget(options,'param')",unprobed,no sample for this form's arguments
optimget,optimfun,1,"val = optimget(options,'param',default)",unprobed,no sample for this form's arguments
optimset,optimfun,0,"options = optimset(Name,Value)",unprobed,"Name,Value form; the dump lists no pair names"
optimset,optimfun,1,optimset,accepted,
optimset,optimfun,2,options = optimset,accepted,
optimset,optimfun,3,options = optimset(optimfun),error,No default options available for the function 'sin'.
optimset,optimfun,4,"options = optimset(oldopts,Name,Value)",unprobed,"Name,Value form; the dump lists no pair names"
optimset,optimfun,5,"options = optimset(oldopts,newopts)",unprobed,no sample for this form's arguments
inpolygon,polyfun,0,"in = inpolygon(xq,yq,xv,yv)",accepted,
inpolygon,polyfun,1,"[in,on] = inpolygon(xq,yq,xv,yv)",accepted,
interp1,polyfun,0,"vq = interp1(x,v,xq)",accepted,
interp1,polyfun,1,"vq = interp1(x,v,xq,method)",accepted,
interp1,polyfun,2,"vq = interp1(x,v,xq,method,extrapolation)",accepted,
interp1,polyfun,3,"vq = interp1(v,xq)",accepted,
interp1,polyfun,4,"vq = interp1(v,xq,method)",accepted,
interp1,polyfun,5,"vq = interp1(v,xq,method,extrapolation)",accepted,
interp1,polyfun,6,"pp = interp1(x,v,method,'pp')",accepted,
interp1q,polyfun,0,"yi = interp1q(x,Y,xi)",accepted,
interp2,polyfun,0,"Vq = interp2(X,Y,V,Xq,Yq)",unprobed,no sample for this form's arguments
interp2,polyfun,1,"Vq = interp2(V,Xq,Yq)",unprobed,no sample for this form's arguments
interp2,polyfun,2,Vq = interp2(V),accepted,
interp2,polyfun,3,"Vq = interp2(V,k)",accepted,
interp2,polyfun,4,"Vq = interp2(___,method)",accepted,
interp2,polyfun,5,"Vq = interp2(___,method,extrapval)",accepted,
interp3,polyfun,0,"Vq = interp3(X,Y,Z,V,Xq,Yq,Zq)",unprobed,no sample for this form's arguments
interp3,polyfun,1,"Vq = interp3(V,Xq,Yq,Zq)",unprobed,no sample for this form's arguments
interp3,polyfun,2,Vq = interp3(V),error,Interpolation requires at least two sample points for each grid dimension.
interp3,polyfun,3,"Vq = interp3(V,k)",error,Interpolation requires at least two sample points for each grid dimension.
interp3,polyfun,4,"Vq = interp3(___,method)",error,Interpolation requires at least two sample points for each grid dimension.
interp3,polyfun,5,"Vq = interp3(___,method,extrapval)",error,Interpolation requires at least two sample points for each grid dimension.
interpft,polyfun,0,"y = interpft(X,n)",accepted,
interpft,polyfun,1,"y = interpft(X,n,dim)",accepted,
interpn,polyfun,0,"Vq = interpn(X1,X2,...,Xn,V,Xq1,Xq2,...,Xqn)",unprobed,no sample for this form's arguments
interpn,polyfun,1,"Vq = interpn(V,Xq1,Xq2,...,Xqn)",unprobed,no sample for this form's arguments
interpn,polyfun,2,Vq = interpn(V),accepted,
interpn,polyfun,3,"Vq = interpn(V,k)",accepted,
interpn,polyfun,4,"Vq = interpn(___,method)",accepted,
interpn,polyfun,5,"Vq = interpn(___,method,extrapval)",accepted,
makima,polyfun,0,"yq = makima(x,y,xq)",accepted,
makima,polyfun,1,"pp = makima(x,y)",accepted,
mkpp,polyfun,0,"pp = mkpp(breaks,coefs)",accepted,
mkpp,polyfun,1,"pp = mkpp(breaks,coefs,d)",error,"The requested number of polynomial pieces, 2, is incompatible with the proposed size, [2], of a coefficient and the number, 6, of scalar coefficients provided."
pchip,polyfun,0,"p = pchip(x,y,xq)",accepted,
pchip,polyfun,1,"pp = pchip(x,y)",accepted,
poly,polyfun,0,p = poly(r),accepted,
poly,polyfun,1,p = poly(A),error,Argument must be a vector or a square matrix.
polyarea,polyfun,0,"a = polyarea(x,y)",accepted,
polyarea,polyfun,1,"a = polyarea(x,y,dim)",accepted,
polyder,polyfun,0,k = polyder(p),accepted,
polyder,polyfun,1,"k = polyder(a,b)",unprobed,no sample for this form's arguments
polyder,polyfun,2,"[q,d] = polyder(a,b)",unprobed,no sample for this form's arguments
polyfit,polyfun,0,"p = polyfit(x,y,n)",accepted,
polyfit,polyfun,1,"[p,S] = polyfit(x,y,n)",accepted,
polyfit,polyfun,2,"[p,S,mu] = polyfit(x,y,n)",accepted,
polyint,polyfun,0,"q = polyint(p,k)",accepted,
polyint,polyfun,1,q = polyint(p),accepted,
polyval,polyfun,0,"y = polyval(p,x)",accepted,
polyval,polyfun,1,"[y,delta] = polyval(p,x,S)",unprobed,no sample for this form's arguments
polyval,polyfun,2,"y = polyval(p,x,[],mu)",error,"polyval: mu is polyfit's [centre, scale] pair, so it holds two numbers."
polyval,polyfun,3,"[y,delta] = polyval(p,x,S,mu)",unprobed,no sample for this form's arguments
polyvalm,polyfun,0,"Y = polyvalm(p,X)",error,Matrix must be square.
ppval,polyfun,0,"v = ppval(pp,xq)",unprobed,no sample for this form's arguments
rectint,polyfun,0,"area = rectint(A,B)",unprobed,no sample for this form's arguments
roots,polyfun,0,r = roots(p),accepted,
spline,polyfun,0,"s = spline(x,y,xq)",accepted,
spline,polyfun,1,"pp = spline(x,y)",accepted,
unmkpp,polyfun,0,"[breaks,coefs,L,order,dim] = unmkpp(pp)",unprobed,no sample for this form's arguments
voronoin,polyfun,0,"[v,c] = voronoin(P)",error,voronoin: only 2-D point sets are supported — X must be an n-by-2 matrix.
voronoin,polyfun,1,"[v,c] = voronoin(P,opts)",error,"voronoin expects 1 argument(s), but got 2."
rng,randfun,0,rng(seed),accepted,
rng,randfun,1,"rng(seed,generator)",accepted,
rng,randfun,2,s = rng,accepted,
eigs,sparfun,0,d = eigs(A),error,"eigs expects 2 argument(s), but got 1."
eigs,sparfun,1,"d = eigs(A,k)",error,eigs needs a square matrix.
eigs,sparfun,2,"d = eigs(A,k,sigma)",error,"eigs expects 2 argument(s), but got 3."
eigs,sparfun,3,"d = eigs(A,k,sigma,Name,Value)",unprobed,"Name,Value form; the dump lists no pair names"
eigs,sparfun,4,"d = eigs(A,k,sigma,opts)",unprobed,no sample for this form's arguments
eigs,sparfun,5,"d = eigs(A,B,___)",error,"eigs expects 2 argument(s), but got 3."
eigs,sparfun,6,"d = eigs(Afun,n,___)",error,"eigs expects 2 argument(s), but got 3."
eigs,sparfun,7,"[V,D] = eigs(___)",error,"eigs expects 2 argument(s), but got 1."
eigs,sparfun,8,"[V,D,flag] = eigs(___)",error,"eigs expects 2 argument(s), but got 1."
spalloc,sparfun,0,"S = spalloc(m,n,nz)",accepted,
sprand,sparfun,0,R = sprand(S),error,"sprand expects 3 argument(s), but got 1."
sprand,sparfun,1,"R = sprand(m,n,density)",error,sprand needs a density between 0 and 1.
sprand,sparfun,2,"R = sprand(m,n,density,rc)",error,"sprand expects 3 argument(s), but got 4."
spy,sparfun,0,spy(S),accepted,
spy,sparfun,1,"spy(S,LineSpec)",error,"spy expects 1 argument(s), but got 2."
spy,sparfun,2,"spy(___,MarkerSize)",error,"spy expects 1 argument(s), but got 2."
symamd,sparfun,0,p = symamd(S),unprobed,no sample for this form's arguments
symamd,sparfun,1,"p = symamd(S,knobs)",unprobed,no sample for this form's arguments
symamd,sparfun,2,"[p,stats] = symamd(...)",unprobed,no sample for this form's arguments
beta,specfun,0,"B = beta(Z,W)",accepted,
betaln,specfun,0,"L = betaln(Z,W)",unprobed,no sample for this form's arguments
cart2pol,specfun,0,"[theta,rho] = cart2pol(x,y)",accepted,
cart2pol,specfun,1,"[theta,rho,z] = cart2pol(x,y,z)",accepted,
cart2sph,specfun,0,"[azimuth,elevation,r] = cart2sph(x,y,z)",accepted,
cross,specfun,0,"C = cross(A,B)",unprobed,no sample for this form's arguments
cross,specfun,1,"C = cross(A,B,dim)",unprobed,no sample for this form's arguments
dot,specfun,0,"C = dot(A,B)",unprobed,no sample for this form's arguments
dot,specfun,1,"C = dot(A,B,dim)",unprobed,no sample for this form's arguments
ellipj,specfun,0,"[SN,CN,DN] = ellipj(U,M)",accepted,
ellipj,specfun,1,"[SN,CN,DN] = ellipj(U,M,tol)",accepted,
ellipke,specfun,0,K = ellipke(M),accepted,
ellipke,specfun,1,"[K,E] = ellipke(M)",accepted,
ellipke,specfun,2,"[K,E] = ellipke(M,tol)",accepted,
expint,specfun,0,Y = expint(X),accepted,
factor,specfun,0,f = factor(n),accepted,
factorial,specfun,0,f = factorial(n),accepted,
gcd,specfun,0,"G = gcd(A,B)",unprobed,no sample for this form's arguments
gcd,specfun,1,"[G,U,V] = gcd(A,B)",unprobed,no sample for this form's arguments
isprime,specfun,0,TF = isprime(X),accepted,
lcm,specfun,0,"L = lcm(A,B)",unprobed,no sample for this form's arguments
legendre,specfun,0,"P = legendre(n,X)",accepted,
legendre,specfun,1,"P = legendre(n,X,normalization)",accepted,
matchpairs,specfun,0,"M = matchpairs(Cost,costUnmatched)",accepted,
matchpairs,specfun,1,"[M,uR,uC] = matchpairs(Cost,costUnmatched)",accepted,
matchpairs,specfun,2,"[___] = matchpairs(Cost,costUnmatched,goal)",accepted,
nchoosek,specfun,0,"b = nchoosek(n,k)",accepted,
nchoosek,specfun,1,"C = nchoosek(v,k)",accepted,
perms,specfun,0,P = perms(v),accepted,
pol2cart,specfun,0,"[x,y] = pol2cart(theta,rho)",accepted,
pol2cart,specfun,1,"[x,y,z] = pol2cart(theta,rho,z)",accepted,
primes,specfun,0,p = primes(n),accepted,
rat,specfun,0,R = rat(X),accepted,
rat,specfun,1,"R = rat(X,tol)",accepted,
rat,specfun,2,"[N,D] = rat(___)",accepted,
rats,specfun,0,S = rats(X),accepted,
rats,specfun,1,"S = rats(X,strlen)",accepted,
sph2cart,specfun,0,"[x,y,z] = sph2cart(azimuth,elevation,r)",accepted,
append,strfun,0,"str = append(str1,...,strN)",accepted,
base2dec,strfun,0,"D = base2dec(baseStr,n)",error,"base2dec expects a string or a cell of strings, but got a array."
blanks,strfun,0,chr = blanks(n),accepted,
cellstr,strfun,0,C = cellstr(A),accepted,
cellstr,strfun,1,"C = cellstr(A, dateFmt)",error,"cellstr expects 1 argument(s), but got 2."
compose,strfun,0,"str = compose(formatSpec,A)",accepted,
compose,strfun,1,"str = compose(formatSpec,A1,...,AN)",unprobed,no sample for this form's arguments
compose,strfun,2,str = compose(txt),error,"compose expects 2 argument(s), but got 1."
dec2base,strfun,0,"baseStr = dec2base(D,n)",accepted,
dec2base,strfun,1,"baseStr = dec2base(D,n,minDigits)",accepted,
dec2bin,strfun,0,binStr = dec2bin(D),accepted,
dec2bin,strfun,1,"binStr = dec2bin(D,minDigits)",accepted,
dec2hex,strfun,0,hexStr = dec2hex(D),accepted,
dec2hex,strfun,1,"hexStr = dec2hex(D,minDigits)",accepted,
erase,strfun,0,"newStr = erase(str,match)",accepted,
eraseBetween,strfun,0,"newStr = eraseBetween(str,startPat,endPat)",accepted,
eraseBetween,strfun,1,"newStr = eraseBetween(str,startPos,endPos)",accepted,
eraseBetween,strfun,2,"newStr = eraseBetween(___,'Boundaries',bounds)",accepted,
extract,strfun,0,"newStr = extract(str,pat)",accepted,
extract,strfun,1,"newStr = extract(str,pos)",accepted,
extractAfter,strfun,0,"newStr = extractAfter(str,pat)",accepted,
extractAfter,strfun,1,"newStr = extractAfter(str,pos)",error,"extractAfter expects argument 2 to be a number, but got a array."
extractBefore,strfun,0,"newStr = extractBefore(str,pat)",accepted,
extractBefore,strfun,1,"newStr = extractBefore(str,pos)",error,"extractBefore expects argument 2 to be a number, but got a array."
extractBetween,strfun,0,"newStr = extractBetween(str,startPat,endPat)",accepted,
extractBetween,strfun,1,"newStr = extractBetween(str,startPos,endPos)",error,"extractBetween expects argument 2 to be a number, but got a array."
extractBetween,strfun,2,"newStr = extractBetween(___,'Boundaries',bounds)",unprobed,no sample for this form's arguments
hex2num,strfun,0,X = hex2num(hexStr),accepted,
insertAfter,strfun,0,"newStr = insertAfter(str,pat,newText)",accepted,
insertAfter,strfun,1,"newStr = insertAfter(str,pos,newText)",error,"insertAfter expects argument 2 to be a number, but got a array."
insertBefore,strfun,0,"newStr = insertBefore(str,pat,newText)",accepted,
insertBefore,strfun,1,"newStr = insertBefore(str,pos,newText)",error,"insertBefore expects argument 2 to be a number, but got a array."
int2str,strfun,0,chr = int2str(N),accepted,
isStringScalar,strfun,0,tf = isStringScalar(A),accepted,
join,strfun,0,newStr = join(str),error,"join expects argument 1 to be an array, but got a string."
join,strfun,1,"newStr = join(str,delimiter)",error,"join expects argument 1 to be an array, but got a string."
join,strfun,2,"newStr = join(str,dim)",error,"join expects argument 2 to be a string, but got a number."
join,strfun,3,"newStr = join(str,delimiter,dim)",error,"join expects between 1 and 2 argument(s), but got 3."
mat2str,strfun,0,chr = mat2str(X),accepted,
mat2str,strfun,1,"chr = mat2str(X,n)",accepted,
mat2str,strfun,2,"chr = mat2str(___,'class')",error,"mat2str expects argument 2 to be a number, but got a string."
num2hex,strfun,0,hexStr = num2hex(X),accepted,
num2str,strfun,0,s = num2str(A),accepted,
num2str,strfun,1,"s = num2str(A,precision)",accepted,
num2str,strfun,2,"s = num2str(A,formatSpec)",accepted,
pad,strfun,0,newStr = pad(str),accepted,
pad,strfun,1,"newStr = pad(str,numberOfCharacters)",accepted,
pad,strfun,2,"newStr = pad(str,side)",accepted,
pad,strfun,3,"newStr = pad(str,numberOfCharacters,side)",accepted,
pad,strfun,4,"newStr = pad(___,padCharacter)",refused,"pad: ' ' is not a side — use 'left', 'right', or 'both'."
replace,strfun,0,"newStr = replace(str,old,new)",accepted,
replaceBetween,strfun,0,"newStr = replaceBetween(str,startPat,endPat,newText)",accepted,
replaceBetween,strfun,1,"newStr = replaceBetween(str,startPos,endPos,newText)",accepted,
replaceBetween,strfun,2,"newStr = replaceBetween(___,'Boundaries',bounds)",accepted,
reverse,strfun,0,newStr = reverse(str),accepted,
split,strfun,0,newStr = split(str),accepted,
split,strfun,1,"newStr = split(str,delimiter)",accepted,
split,strfun,2,"newStr = split(str,delimiter,dim)",error,"split expects between 1 and 2 argument(s), but got 3."
split,strfun,3,"[newStr,match] = split(___)",error,"This call returns 1 value(s), but 2 were asked for."
splitlines,strfun,0,newStr = splitlines(str),accepted,
str2double,strfun,0,X = str2double(str),accepted,
str2mat,strfun,0,"S = str2mat(T1, T2, T3, ...)",accepted,
str2num,strfun,0,X = str2num(chr),error,"str2num expects argument 1 to be a string, but got a array."
str2num,strfun,1,"[X,tf] = str2num(chr)",error,"str2num expects argument 1 to be a string, but got a array."
strcat,strfun,0,"s = strcat(s1,...,sN)",unprobed,no sample for this form's arguments
strip,strfun,0,newStr = strip(str),accepted,
strip,strfun,1,"newStr = strip(str,side)",accepted,
strip,strfun,2,"newStr = strip(___,stripCharacter)",refused,"strip: ' ' is not a side — use 'left', 'right', or 'both'."
strjoin,strfun,0,str = strjoin(C),accepted,
strjoin,strfun,1,"str = strjoin(C,delimiter)",accepted,
strjust,strfun,0,newStr = strjust(str),accepted,
strjust,strfun,1,"newStr = strjust(str,side)",accepted,
strmatch,strfun,0,"x = strmatch(str, strarray)",accepted,
strmatch,strfun,1,"x = strmatch(str, strarray, 'exact')",accepted,
strsplit,strfun,0,C = strsplit(str),accepted,
strsplit,strfun,1,"C = strsplit(str,delimiter)",accepted,
strsplit,strfun,2,"C = strsplit(str,delimiter,Name,Value)",unprobed,"Name,Value form; the dump lists no pair names"
strsplit,strfun,3,"[C,matches] = strsplit(___)",accepted,
strtok,strfun,0,token = strtok(str),accepted,
strtok,strfun,1,"token = strtok(str,delimiters)",accepted,
strtok,strfun,2,"[token,remain] = strtok(___)",accepted,
strvcat,strfun,0,"S = strvcat(str1,...,strN)",accepted,
strvcat,strfun,1,S = strvcat(txt),accepted,
addtodate,timefun,0,"R = addtodate(D, Q, F)",error,addtodate: The added or subtracted value results in an un-representable DateTime.
calendar,timefun,0,c = calendar,accepted,
calendar,timefun,1,c = calendar(d),unprobed,no sample for this form's arguments
calendar,timefun,2,"c = calendar(y, m)",unprobed,no sample for this form's arguments
date,timefun,0,c = date,accepted,
datenum,timefun,0,DateNumber = datenum(t),error,datenum: Not a legal OleAut date.
datenum,timefun,1,DateNumber = datenum(DateString),error,datenum: Not a legal OleAut date.
datenum,timefun,2,"DateNumber = datenum(DateString,formatIn)",error,"datenum expects year, month, day (optionally hour, minute, second), or a single 3- or 6-element vector."
datenum,timefun,3,"DateNumber = datenum(DateString,PivotYear)",error,"datenum expects year, month, day (optionally hour, minute, second), or a single 3- or 6-element vector."
datenum,timefun,4,"DateNumber = datenum(DateString,formatIn,PivotYear)",error,"datenum expects argument 1 to be a number, but got a array."
datenum,timefun,5,DateNumber = datenum(DateVector),error,datenum: Not a legal OleAut date.
datenum,timefun,6,"DateNumber = datenum(Y,M,D)",unprobed,no sample for this form's arguments
datenum,timefun,7,"DateNumber = datenum(Y,M,D,H,MN,S)",unprobed,no sample for this form's arguments
datestr,timefun,0,DateString = datestr(t),error,"datestr expects argument 1 to be a number, but got a array."
datestr,timefun,1,DateString = datestr(DateVector),error,"datestr expects argument 1 to be a number, but got a array."
datestr,timefun,2,DateString = datestr(DateNumber),error,"datestr expects argument 1 to be a number, but got a array."
datestr,timefun,3,"DateString = datestr(___,formatOut)",error,"datestr expects argument 1 to be a number, but got a array."
datestr,timefun,4,DateString = datestr(DateStringIn),error,"datestr expects argument 1 to be a number, but got a string."
datestr,timefun,5,"DateString = datestr(DateStringIn,formatOut,PivotYear)",error,"datestr expects between 0 and 2 argument(s), but got 3."
datestr,timefun,6,"DateString = datestr(___,'local')",error,"datestr expects argument 1 to be a number, but got a array."
datevec,timefun,0,DateVector = datevec(t),error,datevec: The added or subtracted value results in an un-representable DateTime.
datevec,timefun,1,DateVector = datevec(DateNumber),error,datevec: The added or subtracted value results in an un-representable DateTime.
datevec,timefun,2,DateVector = datevec(DateString),error,datevec: The added or subtracted value results in an un-representable DateTime.
datevec,timefun,3,"DateVector = datevec(DateString,formatIn)",error,"datevec expects between 1 and 1 argument(s), but got 2."
datevec,timefun,4,"DateVector = datevec(DateString,PivotYear)",error,"datevec expects between 1 and 1 argument(s), but got 2."
datevec,timefun,5,"DateVector = datevec(DateString,formatIn,PivotYear)",error,"datevec expects between 1 and 1 argument(s), but got 3."
datevec,timefun,6,"[Y,M,D,H,MN,S] = datevec(___)",error,datevec: The added or subtracted value results in an un-representable DateTime.
eomday,timefun,0,"E = eomday(Y,M)",unprobed,no sample for this form's arguments
etime,timefun,0,"e = etime(t2,t1)",unprobed,no sample for this form's arguments
now,timefun,0,t = now,accepted,
weekday,timefun,0,DayNumber = weekday(D),error,weekday: The added or subtracted value results in an un-representable DateTime.
weekday,timefun,1,"[DayNumber,DayName] = weekday(D)",error,weekday: The added or subtracted value results in an un-representable DateTime.
weekday,timefun,2,"[DayNumber,DayName] = weekday(D,DayForm)",error,"weekday expects 1 argument(s), but got 2."
weekday,timefun,3,"[DayNumber,DayName] = weekday(D,language)",error,"weekday expects 1 argument(s), but got 2."
weekday,timefun,4,"[DayNumber,DayName] = weekday(D,DayForm,language)",error,"weekday expects 1 argument(s), but got 3."
mustBeA,validators,0,"mustBeA(value,classNames)",unprobed,no sample for this form's arguments
mustBeFile,validators,0,mustBeFile(path),accepted,
mustBeFinite,validators,0,mustBeFinite(value),accepted,
mustBeFloat,validators,0,mustBeFloat(value),accepted,
mustBeFolder,validators,0,mustBeFolder(path),accepted,
mustBeGreaterThan,validators,0,"mustBeGreaterThan(value,c)",error,Value must be greater than 2.
mustBeGreaterThanOrEqual,validators,0,"mustBeGreaterThanOrEqual(value,c)",accepted,
mustBeInRange,validators,0,"mustBeInRange(value,lower,upper)",error,"Value must be greater than or equal to 1, and less than or equal to 1."
mustBeInRange,validators,1,"mustBeInRange(value,lower,upper,boundflag1,boundflag2)",unprobed,no sample for this form's arguments
mustBeInteger,validators,0,mustBeInteger(value),accepted,
mustBeLessThan,validators,0,"mustBeLessThan(value,c)",error,Value must be less than 2.
mustBeLessThanOrEqual,validators,0,"mustBeLessThanOrEqual(value,c)",accepted,
mustBeMember,validators,0,"mustBeMember(value,S)",accepted,
mustBeNegative,validators,0,mustBeNegative(value),error,Value must be negative.
mustBeNonNan,validators,0,mustBeNonNan(value),accepted,
mustBeNonempty,validators,0,mustBeNonempty(value),accepted,
mustBeNonnegative,validators,0,mustBeNonnegative(value),accepted,
mustBeNonpositive,validators,0,mustBeNonpositive(value),error,Value must not be positive.
mustBeNonsparse,validators,0,mustBeNonsparse(value),accepted,
mustBeNonzero,validators,0,mustBeNonzero(value),accepted,
mustBeNumeric,validators,0,mustBeNumeric(value),accepted,
mustBeNumericOrLogical,validators,0,mustBeNumericOrLogical(value),accepted,
mustBePositive,validators,0,mustBePositive(value),accepted,
mustBeReal,validators,0,mustBeReal(value),accepted,
mustBeScalarOrEmpty,validators,0,mustBeScalarOrEmpty(value),accepted,
mustBeText,validators,0,mustBeText(value),error,"Value must be a character vector, string array, or cell array of character vectors."
mustBeTextScalar,validators,0,mustBeTextScalar(value),error,Value must be a character vector or string scalar.
mustBeValidVariableName,validators,0,mustBeValidVariableName(varname),accepted,
mustBeVector,validators,0,mustBeVector(value),accepted,
mustBeVector,validators,1,"mustBeVector(value,""allow-all-empties"")",error,"mustBeVector expects 1 argument(s), but got 2."
